EmployeeID,Age,Gender,Department,JobLevel,Education,YearsAtCompany,YearsInRole,MonthlyIncome,PerformanceScore,JobSatisfaction,WorkLifeBalance,OverTime,TrainingHours,DistanceFromHome,NumCompaniesWorked,Attrition,Attrition_Label
EMP0001,45,Male,Engineering,Junior,Master's,2,2,149966.0,4,5,3,Yes,38,55,4,0,No
EMP0002,53,Male,Finance,Director,Diploma,13,1,126274.0,5,3,3,No,3,47,1,0,No
EMP0003,42,Male,HR,Junior,Master's,1,8,111114.0,1,5,3,No,47,58,4,0,No
EMP0004,42,Male,HR,Junior,Bachelor's,13,8,114790.0,3,4,3,Yes,74,25,2,0,No
EMP0005,46,Male,Engineering,Director,Bachelor's,1,2,63303.0,3,3,1,No,25,56,2,0,No
EMP0006,53,Female,Finance,Junior,PhD,15,7,144963.0,4,5,4,No,41,44,2,0,No
EMP0007,54,Female,Operations,Junior,Bachelor's,9,5,72106.0,2,5,4,No,62,8,3,0,No
EMP0008,41,Male,Sales,Junior,Bachelor's,6,3,133132.0,5,3,3,Yes,42,13,1,0,No
EMP0009,54,Male,Operations,Senior,Bachelor's,16,9,143993.0,4,3,3,No,65,49,4,0,No
EMP0010,36,Female,Marketing,Junior,Master's,4,9,47632.0,3,5,3,No,67,36,2,0,No
EMP0011,37,Male,Marketing,Junior,Master's,14,4,96906.0,4,2,2,No,75,59,4,1,Yes
EMP0012,32,Female,Sales,Junior,Bachelor's,17,2,147130.0,3,2,2,Yes,15,15,3,1,Yes
EMP0013,29,Male,Engineering,Junior,Bachelor's,6,3,146327.0,5,5,3,Yes,10,10,7,0,No
EMP0014,57,Male,HR,Junior,PhD,7,9,94215.0,3,5,2,No,16,40,1,0,No
EMP0015,23,Male,Finance,Senior,Master's,18,4,108341.0,3,2,2,Yes,22,36,6,1,Yes
EMP0016,33,Male,Engineering,Director,Master's,12,1,119715.0,5,2,2,No,10,41,6,1,Yes
EMP0017,39,Male,Marketing,Mid-Level,Master's,3,8,60800.0,5,3,3,No,48,33,1,0,No
EMP0018,28,Female,Engineering,Junior,Bachelor's,13,5,30427.0,4,3,3,No,3,48,5,0,No
EMP0019,42,Male,Finance,Manager,Bachelor's,8,2,77165.0,2,5,4,Yes,42,39,1,0,No
EMP0020,55,Female,Finance,Mid-Level,Diploma,19,9,35738.0,4,4,3,Yes,70,26,6,1,Yes
EMP0021,23,Male,Sales,Senior,Bachelor's,8,4,121606.0,3,3,3,No,65,27,3,0,No
EMP0022,26,Female,Finance,Director,Bachelor's,3,3,38110.0,3,4,2,No,73,36,2,0,No
EMP0023,51,Male,HR,Mid-Level,Diploma,13,9,119340.0,4,1,4,Yes,52,37,0,0,No
EMP0024,50,Female,Operations,Mid-Level,Bachelor's,9,7,51128.0,3,3,2,Yes,60,47,7,0,No
EMP0025,22,Male,Engineering,Manager,Master's,19,5,133987.0,3,3,2,No,11,48,3,0,No
EMP0026,50,Male,Engineering,Junior,Master's,18,2,37213.0,2,5,4,No,58,35,7,0,No
EMP0027,47,Male,Engineering,Mid-Level,Master's,6,7,98740.0,4,3,3,No,2,54,1,0,No
EMP0028,33,Male,Marketing,Junior,Master's,7,2,109343.0,3,3,4,No,11,11,2,0,No
EMP0029,25,Female,Marketing,Mid-Level,Bachelor's,2,3,95876.0,4,3,3,Yes,16,10,4,0,No
EMP0030,40,Male,HR,Mid-Level,Bachelor's,16,6,142234.0,4,4,4,No,24,31,4,0,No
EMP0031,43,Female,Engineering,Junior,Master's,8,8,34954.0,3,5,4,Yes,49,31,0,0,No
EMP0032,44,Male,Sales,Director,Diploma,4,1,56629.0,3,3,3,No,17,36,7,0,No
EMP0033,36,Female,Operations,Director,Bachelor's,5,2,104520.0,2,3,4,No,42,41,7,1,Yes
EMP0034,48,Male,Engineering,Junior,Bachelor's,14,3,140864.0,3,5,3,No,55,50,5,0,No
EMP0035,39,Male,Engineering,Senior,Master's,15,6,57332.0,3,5,3,No,61,36,4,0,No
EMP0036,56,Female,Operations,Senior,Diploma,7,1,40940.0,3,5,4,No,42,30,3,0,No
EMP0037,47,Female,Sales,Mid-Level,Master's,17,2,112674.0,3,1,2,Yes,1,20,7,1,Yes
EMP0038,26,Male,Marketing,Junior,Bachelor's,7,9,89859.0,4,4,4,No,22,59,5,0,No
EMP0039,57,Male,Engineering,Mid-Level,Bachelor's,17,3,140194.0,3,3,3,No,39,58,0,0,No
EMP0040,31,Female,Finance,Junior,Diploma,13,7,142641.0,5,4,3,No,23,43,1,0,No
EMP0041,46,Male,Sales,Mid-Level,Master's,15,5,58546.0,5,5,3,No,28,6,2,0,No
EMP0042,40,Female,Finance,Manager,Bachelor's,10,4,102139.0,1,4,3,No,19,10,1,0,No
EMP0043,54,Female,Engineering,Mid-Level,Bachelor's,15,8,28626.0,4,4,4,No,45,16,0,0,No
EMP0044,29,Female,Sales,Manager,PhD,1,1,93328.0,3,5,4,No,46,7,2,0,No
EMP0045,43,Female,Engineering,Junior,Master's,1,3,133966.0,4,1,3,No,31,7,5,0,No
EMP0046,41,Male,Sales,Junior,PhD,3,1,126160.0,4,4,3,No,1,44,4,0,No
EMP0047,49,Male,Engineering,Mid-Level,Diploma,15,7,81952.0,3,4,1,Yes,18,35,3,0,No
EMP0048,24,Female,Operations,Junior,Bachelor's,9,6,121241.0,3,3,2,Yes,26,36,6,0,No
EMP0049,28,Male,Engineering,Mid-Level,Diploma,18,5,101453.0,3,4,3,No,46,44,3,0,No
EMP0050,36,Female,HR,Junior,Diploma,11,2,124709.0,4,5,1,No,30,34,0,1,Yes
EMP0051,29,Male,Sales,Senior,Bachelor's,16,9,92990.0,2,4,3,No,46,25,5,0,No
EMP0052,28,Male,Engineering,Senior,Bachelor's,14,8,84385.0,4,4,4,Yes,9,55,5,0,No
EMP0053,56,Female,Finance,Manager,Master's,11,5,133290.0,1,3,2,Yes,56,45,3,0,No
EMP0054,52,Female,Sales,Mid-Level,Master's,5,6,77896.0,2,4,4,Yes,49,21,5,0,No
EMP0055,49,Male,Finance,Senior,Bachelor's,2,7,83905.0,4,4,4,No,19,48,0,0,No
EMP0056,24,Male,Sales,Senior,Bachelor's,1,3,46803.0,4,2,1,No,19,35,1,1,Yes
EMP0057,45,Male,Operations,Mid-Level,Master's,10,9,61769.0,1,2,4,No,19,41,6,0,No
EMP0058,53,Male,Engineering,Senior,PhD,12,6,35734.0,3,3,2,No,79,51,3,0,No
EMP0059,55,Male,Engineering,Director,Master's,9,1,58798.0,4,2,4,No,45,43,4,1,Yes
EMP0060,23,Female,Sales,Senior,Bachelor's,10,1,35979.0,3,5,3,No,10,18,5,0,No
EMP0061,56,Female,Marketing,Mid-Level,Bachelor's,15,9,103384.0,4,5,3,No,40,14,2,0,No
EMP0062,47,Male,Sales,Senior,PhD,12,9,72696.0,3,4,3,Yes,79,11,1,0,No
EMP0063,34,Female,Marketing,Director,Master's,12,8,71283.0,4,1,3,No,36,12,5,1,Yes
EMP0064,33,Male,Sales,Junior,Master's,11,4,89368.0,1,5,3,No,15,6,0,0,No
EMP0065,22,Male,Operations,Senior,Bachelor's,10,3,31130.0,3,3,4,Yes,8,37,3,1,Yes
EMP0066,24,Female,Engineering,Senior,Master's,14,9,55508.0,5,1,1,No,48,12,2,0,No
EMP0067,28,Female,Finance,Senior,Bachelor's,13,2,148855.0,1,3,2,No,42,32,2,0,No
EMP0068,44,Male,HR,Senior,Master's,11,8,115570.0,4,5,3,Yes,55,45,6,0,No
EMP0069,41,Female,HR,Junior,Bachelor's,19,9,92348.0,5,4,4,Yes,36,45,7,0,No
EMP0070,26,Female,Sales,Senior,Bachelor's,17,4,33655.0,4,5,3,No,44,43,2,0,No
EMP0071,37,Male,Marketing,Mid-Level,Bachelor's,17,5,117163.0,2,4,4,No,50,1,7,0,No
EMP0072,30,Female,Sales,Junior,Bachelor's,11,3,85213.0,4,3,1,No,35,52,0,0,No
EMP0073,50,Female,Marketing,Senior,Diploma,6,6,52807.0,3,1,3,No,9,9,1,0,No
EMP0074,26,Male,Sales,Junior,Bachelor's,18,8,92070.0,5,4,3,No,47,4,1,0,No
EMP0075,40,Male,Engineering,Senior,Bachelor's,19,5,116524.0,5,5,3,Yes,17,33,6,0,No
EMP0076,38,Female,Operations,Junior,Diploma,10,8,106606.0,4,2,3,No,32,12,6,0,No
EMP0077,49,Male,Operations,Mid-Level,Master's,5,4,58645.0,5,4,3,Yes,65,51,7,1,Yes
EMP0078,47,Male,Marketing,Junior,Bachelor's,14,5,44730.0,4,2,2,No,41,50,3,1,Yes
EMP0079,42,Male,Marketing,Manager,Bachelor's,18,3,135265.0,4,3,4,No,71,2,1,0,No
EMP0080,45,Female,HR,Senior,Bachelor's,10,3,49542.0,4,5,2,No,13,11,3,0,No
EMP0081,45,Male,Finance,Director,Master's,13,6,70105.0,4,5,1,No,66,35,1,1,Yes
EMP0082,22,Male,Operations,Junior,Master's,3,7,39558.0,3,5,4,No,16,55,0,0,No
EMP0083,31,Male,Engineering,Junior,Bachelor's,19,1,93270.0,2,4,4,No,33,54,5,0,No
EMP0084,37,Male,Marketing,Manager,Master's,12,1,66016.0,2,3,3,Yes,13,45,7,0,No
EMP0085,50,Female,Sales,Junior,Bachelor's,6,7,140538.0,4,5,4,No,33,31,0,0,No
EMP0086,23,Female,Engineering,Junior,Bachelor's,6,1,28995.0,2,4,3,Yes,75,40,1,0,No
EMP0087,41,Male,Marketing,Manager,Bachelor's,18,8,100182.0,2,2,3,No,76,18,7,1,Yes
EMP0088,41,Female,Marketing,Mid-Level,Master's,1,2,147249.0,3,2,3,No,43,53,5,1,Yes
EMP0089,29,Male,Sales,Junior,Diploma,11,8,147317.0,4,4,4,No,4,58,3,0,No
EMP0090,30,Male,Finance,Junior,Master's,3,4,131849.0,4,4,1,No,21,28,0,1,Yes
EMP0091,49,Female,Sales,Senior,Master's,9,7,66649.0,2,5,4,Yes,32,49,4,0,No
EMP0092,26,Female,Operations,Manager,Bachelor's,18,5,121361.0,3,5,3,No,25,22,5,0,No
EMP0093,56,Male,Sales,Senior,Bachelor's,17,9,148568.0,4,5,3,No,53,14,7,0,No
EMP0094,39,Male,Sales,Mid-Level,Bachelor's,10,6,139298.0,3,3,4,No,69,55,5,0,No
EMP0095,40,Male,Engineering,Senior,PhD,4,7,106426.0,2,1,3,No,71,39,7,0,No
EMP0096,51,Female,Engineering,Senior,Master's,14,1,132762.0,3,5,2,Yes,24,40,7,0,No
EMP0097,54,Male,Finance,Mid-Level,Diploma,17,5,113400.0,3,4,1,No,31,20,4,0,No
EMP0098,56,Male,Sales,Junior,Master's,1,3,88095.0,4,2,3,No,59,34,2,1,Yes
EMP0099,47,Female,Marketing,Senior,Diploma,2,9,120278.0,4,4,4,Yes,11,52,0,1,Yes
EMP0100,29,Female,Engineering,Junior,Bachelor's,6,2,147335.0,4,5,4,No,19,38,5,0,No
EMP0101,22,Male,Marketing,Mid-Level,Master's,13,3,119481.0,3,4,3,No,70,31,1,0,No
EMP0102,28,Male,HR,Junior,Diploma,14,8,33039.0,4,4,4,Yes,22,4,6,0,No
EMP0103,52,Female,Finance,Mid-Level,Diploma,19,6,72429.0,5,4,3,No,32,55,3,0,No
EMP0104,32,Male,Sales,Junior,Diploma,2,6,108843.0,4,3,4,Yes,62,21,6,0,No
EMP0105,52,Female,Marketing,Mid-Level,Master's,4,5,61921.0,4,3,2,No,13,51,6,0,No
EMP0106,49,Male,Engineering,Mid-Level,Bachelor's,17,5,79432.0,3,5,2,No,5,17,4,0,No
EMP0107,51,Female,Marketing,Mid-Level,Master's,1,3,34537.0,3,4,3,Yes,37,53,0,0,No
EMP0108,55,Female,Sales,Mid-Level,PhD,14,3,144865.0,4,2,4,Yes,68,3,0,1,Yes
EMP0109,28,Female,Sales,Junior,Master's,1,2,30349.0,1,5,4,No,28,26,5,1,Yes
EMP0110,39,Male,Marketing,Mid-Level,Bachelor's,9,1,41097.0,4,5,3,No,75,39,7,0,No
EMP0111,55,Male,Sales,Mid-Level,Diploma,11,1,33092.0,3,4,4,No,76,15,7,0,No
EMP0112,49,Male,Finance,Junior,Master's,15,5,84190.0,3,5,3,No,27,32,7,0,No
EMP0113,39,Male,Operations,Junior,Master's,19,6,146045.0,4,2,3,Yes,71,10,2,1,Yes
EMP0114,26,Male,Sales,Director,Master's,5,2,128194.0,3,5,3,Yes,49,20,3,0,No
EMP0115,36,Female,Operations,Mid-Level,Master's,4,8,141043.0,3,4,3,No,31,32,4,0,No
EMP0116,46,Male,HR,Mid-Level,Bachelor's,4,6,103566.0,3,3,2,No,18,10,2,0,No
EMP0117,25,Male,HR,Senior,Bachelor's,5,5,136289.0,4,2,4,No,24,54,1,1,Yes
EMP0118,52,Male,Engineering,Senior,Bachelor's,18,1,138788.0,4,2,3,No,49,30,2,0,No
EMP0119,33,Male,Finance,Manager,Master's,11,6,64276.0,3,4,4,No,42,25,6,0,No
EMP0120,57,Male,Marketing,Manager,Master's,5,4,125107.0,4,1,4,No,19,42,3,0,No
EMP0121,54,Male,Engineering,Junior,Bachelor's,9,8,124471.0,5,1,3,No,79,25,2,1,Yes
EMP0122,51,Female,Engineering,Senior,Bachelor's,4,7,63217.0,4,2,3,No,10,49,0,1,Yes
EMP0123,50,Female,Finance,Mid-Level,Bachelor's,4,4,98413.0,5,5,4,Yes,1,12,7,0,No
EMP0124,32,Male,Finance,Manager,PhD,5,4,85966.0,2,3,4,Yes,39,49,2,1,Yes
EMP0125,56,Male,Engineering,Mid-Level,Bachelor's,7,9,68766.0,5,3,3,No,51,38,5,0,No
EMP0126,54,Female,Marketing,Mid-Level,Master's,11,5,89190.0,4,5,4,Yes,16,9,7,0,No
EMP0127,33,Female,Operations,Senior,Bachelor's,4,6,98233.0,4,2,4,No,33,32,4,0,No
EMP0128,49,Male,Marketing,Mid-Level,Master's,16,9,101088.0,3,3,3,Yes,12,35,2,0,No
EMP0129,47,Female,Sales,Senior,Bachelor's,14,1,52969.0,3,3,3,Yes,0,30,2,0,No
EMP0130,28,Male,HR,Mid-Level,Bachelor's,10,6,37310.0,3,2,1,No,18,20,7,1,Yes
EMP0131,27,Male,Engineering,Manager,Diploma,13,4,84738.0,3,2,3,No,15,10,0,0,No
EMP0132,22,Female,Engineering,Junior,Bachelor's,6,1,38072.0,3,3,3,Yes,44,3,7,0,No
EMP0133,56,Male,Finance,Manager,Bachelor's,16,3,120762.0,3,5,3,No,38,55,4,0,No
EMP0134,41,Female,HR,Director,PhD,1,7,60308.0,3,5,1,No,77,29,5,1,Yes
EMP0135,43,Male,Finance,Junior,Bachelor's,12,3,133952.0,5,3,4,Yes,71,41,2,1,Yes
EMP0136,25,Male,Finance,Mid-Level,Master's,2,1,98994.0,2,5,3,No,25,43,0,0,No
EMP0137,48,Male,Marketing,Junior,Bachelor's,18,8,70811.0,2,5,3,No,48,7,7,0,No
EMP0138,44,Male,Marketing,Mid-Level,Master's,3,8,120853.0,4,4,3,No,55,34,7,0,No
EMP0139,25,Male,Engineering,Junior,Bachelor's,7,2,83023.0,3,3,4,No,26,25,4,0,No
EMP0140,53,Male,Finance,Junior,Diploma,9,1,77543.0,4,3,2,No,67,4,2,0,No
EMP0141,48,Female,Engineering,Mid-Level,Master's,19,9,124080.0,3,3,2,Yes,38,30,6,0,No
EMP0142,31,Female,HR,Mid-Level,Master's,15,7,83129.0,3,4,4,Yes,79,19,7,0,No
EMP0143,50,Female,Marketing,Mid-Level,Bachelor's,1,4,53774.0,4,5,3,No,30,51,4,0,No
EMP0144,24,Female,Marketing,Director,PhD,18,1,67101.0,5,3,2,No,61,13,6,0,No
EMP0145,55,Female,HR,Senior,Diploma,5,6,106864.0,3,5,3,No,16,38,7,0,No
EMP0146,36,Female,Operations,Mid-Level,Bachelor's,14,1,126967.0,3,3,2,No,48,21,5,0,No
EMP0147,37,Female,Operations,Director,Diploma,16,3,147801.0,4,3,3,Yes,52,17,6,0,No
EMP0148,53,Female,Sales,Senior,Bachelor's,19,2,75716.0,3,5,3,No,9,18,1,0,No
EMP0149,28,Male,Engineering,Junior,Diploma,4,2,34226.0,2,4,3,No,37,46,5,0,No
EMP0150,55,Male,Operations,Director,Bachelor's,18,8,144667.0,4,5,2,No,37,27,1,0,No
EMP0151,34,Female,Marketing,Junior,Bachelor's,12,9,61458.0,3,4,3,No,77,13,6,0,No
EMP0152,30,Female,Finance,Senior,Bachelor's,15,9,70509.0,2,3,2,Yes,55,57,3,0,No
EMP0153,53,Female,Marketing,Junior,PhD,15,2,25039.0,2,3,1,Yes,71,50,7,0,No
EMP0154,31,Female,Finance,Manager,PhD,19,8,32441.0,4,1,3,No,27,1,5,1,Yes
EMP0155,24,Female,Engineering,Junior,Bachelor's,9,9,146575.0,3,4,3,No,58,58,6,0,No
EMP0156,22,Female,HR,Senior,Bachelor's,10,6,59437.0,3,5,2,No,35,29,7,0,No
EMP0157,31,Male,Sales,Mid-Level,Bachelor's,3,4,118331.0,3,3,2,No,39,4,4,0,No
EMP0158,51,Male,HR,Mid-Level,Bachelor's,3,3,95262.0,3,2,1,No,31,38,2,1,Yes
EMP0159,29,Female,Engineering,Junior,Bachelor's,7,4,149879.0,4,2,4,No,4,42,7,0,No
EMP0160,33,Female,Finance,Senior,PhD,9,2,59773.0,5,4,3,Yes,31,59,5,1,Yes
EMP0161,22,Male,HR,Manager,Bachelor's,17,7,97193.0,1,3,4,No,5,44,4,0,No
EMP0162,56,Female,Marketing,Senior,Bachelor's,4,9,97176.0,4,4,4,Yes,50,58,3,0,No
EMP0163,44,Male,Operations,Mid-Level,Bachelor's,2,6,52376.0,4,4,2,No,50,52,7,0,No
EMP0164,36,Male,Engineering,Junior,Master's,3,1,40118.0,4,3,3,No,42,15,0,0,No
EMP0165,34,Male,Finance,Junior,Master's,16,2,92033.0,5,4,2,No,72,32,7,0,No
EMP0166,32,Female,Sales,Manager,Master's,19,8,100662.0,1,3,4,Yes,67,45,4,1,Yes
EMP0167,49,Male,HR,Manager,Diploma,18,9,130685.0,5,1,3,No,62,7,5,0,No
EMP0168,39,Male,Operations,Senior,Bachelor's,5,6,121635.0,4,2,4,No,50,5,5,1,Yes
EMP0169,38,Male,Marketing,Junior,Bachelor's,4,7,109508.0,4,2,4,Yes,26,26,1,0,No
EMP0170,40,Male,Sales,Director,Master's,15,3,27394.0,4,2,3,No,0,42,3,0,No
EMP0171,32,Female,Engineering,Director,Diploma,16,2,34664.0,3,3,3,Yes,60,47,0,1,Yes
EMP0172,42,Male,Engineering,Mid-Level,Master's,16,9,44316.0,3,4,2,No,55,39,5,1,Yes
EMP0173,38,Female,Sales,Senior,PhD,3,3,47633.0,5,3,1,Yes,41,40,2,0,No
EMP0174,46,Male,Sales,Mid-Level,Bachelor's,3,7,112883.0,5,3,2,Yes,21,3,2,0,No
EMP0175,31,Female,Engineering,Manager,Bachelor's,1,6,74842.0,2,2,3,No,24,6,4,1,Yes
EMP0176,50,Male,Finance,Senior,Master's,6,4,39996.0,3,1,4,No,31,46,4,1,Yes
EMP0177,52,Female,Operations,Director,PhD,15,8,117632.0,4,4,4,No,57,49,0,0,No
EMP0178,23,Female,Finance,Senior,Bachelor's,2,8,82959.0,4,4,1,No,35,36,7,0,No
EMP0179,25,Male,HR,Mid-Level,Bachelor's,12,1,33554.0,2,4,4,No,1,19,7,0,No
EMP0180,57,Male,Finance,Manager,Bachelor's,11,1,28766.0,2,3,4,No,41,48,3,0,No
EMP0181,32,Male,Engineering,Junior,PhD,6,1,140363.0,4,3,2,No,44,22,5,0,No
EMP0182,32,Female,Operations,Mid-Level,Master's,11,3,68578.0,4,4,3,No,39,29,1,0,No
EMP0183,40,Male,Operations,Mid-Level,Bachelor's,14,8,26998.0,4,2,2,Yes,22,29,3,1,Yes
EMP0184,23,Male,Marketing,Senior,Bachelor's,10,4,86572.0,4,4,4,Yes,75,35,0,0,No
EMP0185,47,Female,HR,Senior,Bachelor's,4,3,63982.0,4,5,2,Yes,35,16,0,0,No
EMP0186,36,Female,Marketing,Junior,PhD,1,3,111466.0,2,4,3,No,47,52,6,0,No
EMP0187,29,Male,Operations,Manager,Master's,2,5,63638.0,3,3,1,Yes,59,56,0,1,Yes
EMP0188,38,Female,Sales,Junior,Bachelor's,14,7,62456.0,2,4,3,No,53,59,2,0,No
EMP0189,32,Male,Marketing,Mid-Level,Diploma,19,7,87761.0,5,3,3,No,26,6,5,0,No
EMP0190,50,Male,Sales,Manager,PhD,14,4,73076.0,5,3,2,No,11,7,4,0,No
EMP0191,46,Male,Finance,Mid-Level,Master's,18,4,123497.0,4,3,3,No,72,28,4,0,No
EMP0192,29,Female,Sales,Mid-Level,Master's,6,1,87500.0,3,1,3,Yes,69,32,5,0,No
EMP0193,47,Female,Engineering,Junior,Bachelor's,13,9,35347.0,4,4,4,No,32,31,4,0,No
EMP0194,48,Male,Operations,Senior,Bachelor's,9,7,131418.0,4,3,4,Yes,24,30,4,0,No
EMP0195,50,Male,Operations,Junior,PhD,11,9,35402.0,4,4,4,No,13,53,5,0,No
EMP0196,33,Female,Finance,Manager,Bachelor's,14,2,82925.0,4,5,3,No,11,36,4,0,No
EMP0197,46,Female,Engineering,Mid-Level,Bachelor's,5,1,99078.0,5,2,3,Yes,76,52,4,1,Yes
EMP0198,55,Female,Sales,Senior,Master's,19,4,30535.0,4,3,3,No,0,6,5,1,Yes
EMP0199,40,Male,Engineering,Senior,Bachelor's,5,7,59673.0,5,2,3,No,34,34,2,1,Yes
EMP0200,57,Male,Finance,Mid-Level,Master's,4,2,126729.0,3,3,3,Yes,48,3,1,0,No
EMP0201,44,Female,Finance,Junior,Diploma,13,1,85289.0,3,5,4,No,33,20,5,0,No
EMP0202,28,Male,HR,Junior,Master's,12,1,86235.0,3,3,3,No,77,17,5,0,No
EMP0203,25,Female,Sales,Junior,Master's,11,8,92528.0,2,3,3,No,11,22,7,0,No
EMP0204,27,Male,Sales,Junior,PhD,1,2,87219.0,1,3,3,Yes,8,50,0,0,No
EMP0205,29,Female,Sales,Junior,Bachelor's,7,5,43455.0,4,5,3,Yes,45,11,2,0,No
EMP0206,44,Female,Finance,Junior,Master's,14,9,124487.0,3,3,2,No,56,34,5,0,No
EMP0207,27,Female,Sales,Junior,Master's,13,8,102816.0,4,1,3,Yes,9,25,1,1,Yes
EMP0208,55,Male,Engineering,Senior,Bachelor's,18,8,68286.0,3,5,2,No,42,20,6,0,No
EMP0209,44,Male,Finance,Manager,Bachelor's,17,7,57821.0,3,3,2,No,62,41,3,0,No
EMP0210,37,Male,Operations,Junior,Bachelor's,14,8,104638.0,5,3,3,Yes,18,29,7,0,No
EMP0211,28,Female,Engineering,Senior,Bachelor's,8,8,74162.0,2,4,1,Yes,64,29,1,0,No
EMP0212,46,Female,Finance,Mid-Level,Bachelor's,17,1,55713.0,3,3,4,No,29,5,4,0,No
EMP0213,56,Female,Marketing,Senior,Bachelor's,15,5,111197.0,4,1,3,No,3,37,0,0,No
EMP0214,56,Female,Marketing,Senior,PhD,16,9,107185.0,5,3,3,Yes,37,5,5,0,No
EMP0215,39,Male,Operations,Mid-Level,Bachelor's,13,4,26635.0,4,5,2,No,54,52,3,0,No
EMP0216,51,Female,Sales,Director,Diploma,4,2,86565.0,5,4,3,No,37,38,6,0,No
EMP0217,39,Female,Sales,Mid-Level,Bachelor's,7,7,45728.0,2,5,3,No,33,5,7,0,No
EMP0218,23,Male,Engineering,Junior,Bachelor's,9,3,72805.0,3,5,4,No,72,20,1,0,No
EMP0219,47,Male,Operations,Manager,Bachelor's,2,2,75976.0,4,3,2,Yes,18,3,0,0,No
EMP0220,44,Female,Marketing,Manager,Bachelor's,10,5,143130.0,4,3,2,Yes,51,28,1,0,No
EMP0221,37,Male,Operations,Junior,Master's,18,8,45942.0,4,4,2,No,35,2,6,0,No
EMP0222,43,Male,HR,Mid-Level,Master's,12,7,140497.0,2,2,2,No,65,16,6,1,Yes
EMP0223,33,Male,Marketing,Manager,PhD,9,7,120609.0,4,4,4,No,1,5,7,0,No
EMP0224,46,Male,Marketing,Mid-Level,Master's,11,7,59887.0,2,3,1,Yes,27,26,5,0,No
EMP0225,40,Female,Engineering,Junior,PhD,17,1,66325.0,2,3,1,No,10,21,5,0,No
EMP0226,24,Male,Engineering,Senior,Bachelor's,18,2,126657.0,2,3,4,No,34,51,4,0,No
EMP0227,36,Male,Sales,Manager,PhD,10,7,104223.0,4,3,1,No,8,11,6,0,No
EMP0228,27,Male,Operations,Junior,Master's,6,8,73583.0,4,3,3,No,74,2,0,0,No
EMP0229,41,Female,Marketing,Senior,Bachelor's,15,9,148371.0,4,3,3,Yes,59,46,1,0,No
EMP0230,26,Female,Engineering,Senior,Bachelor's,6,5,107364.0,3,3,3,No,52,33,4,0,No
EMP0231,34,Female,Operations,Junior,Bachelor's,6,4,69410.0,4,2,3,No,57,38,5,0,No
EMP0232,26,Male,Engineering,Junior,PhD,6,4,62232.0,5,5,3,Yes,18,50,5,0,No
EMP0233,27,Female,Marketing,Senior,Master's,3,1,94070.0,4,2,4,No,25,50,0,0,No
EMP0234,25,Male,Finance,Manager,Bachelor's,4,5,47892.0,3,3,1,Yes,20,35,4,0,No
EMP0235,24,Female,Engineering,Senior,Bachelor's,6,5,84245.0,3,3,2,No,54,37,7,1,Yes
EMP0236,33,Female,HR,Mid-Level,Bachelor's,13,1,128285.0,3,3,3,No,62,35,0,0,No
EMP0237,48,Female,Marketing,Junior,Master's,13,2,112855.0,4,4,1,No,2,2,1,0,No
EMP0238,24,Male,Engineering,Junior,Bachelor's,7,1,101051.0,3,3,3,Yes,73,55,1,1,Yes
EMP0239,27,Female,Finance,Junior,Master's,14,3,43553.0,3,3,3,No,48,5,4,0,No
EMP0240,51,Female,Sales,Junior,Bachelor's,1,7,76390.0,3,2,3,Yes,60,30,1,1,Yes
EMP0241,29,Female,Engineering,Mid-Level,Bachelor's,2,6,117073.0,3,5,3,No,32,27,1,0,No
EMP0242,29,Female,Sales,Mid-Level,Master's,14,7,37335.0,3,3,1,No,34,5,0,0,No
EMP0243,22,Female,Engineering,Mid-Level,Master's,16,9,119164.0,4,4,2,No,30,54,3,0,No
EMP0244,31,Male,Engineering,Junior,Diploma,10,9,81813.0,5,4,4,No,46,1,3,0,No
EMP0245,28,Female,Operations,Junior,Bachelor's,17,6,49487.0,4,3,4,No,73,11,5,0,No
EMP0246,22,Female,Finance,Senior,Bachelor's,19,8,109499.0,3,5,4,Yes,74,14,2,0,No
EMP0247,51,Female,Sales,Mid-Level,Bachelor's,18,4,53978.0,4,4,3,No,52,53,3,0,No
EMP0248,43,Male,Engineering,Mid-Level,Master's,15,2,132569.0,2,3,3,No,31,14,3,0,No
EMP0249,45,Female,Engineering,Manager,Bachelor's,4,4,74584.0,4,4,4,Yes,17,58,0,0,No
EMP0250,37,Female,Engineering,Mid-Level,Master's,17,2,88512.0,1,2,3,No,10,43,6,0,No
EMP0251,36,Female,Operations,Manager,Master's,1,7,70706.0,4,3,3,No,39,8,2,1,Yes
EMP0252,53,Male,Engineering,Senior,Diploma,6,5,41585.0,4,2,2,No,72,25,4,1,Yes
EMP0253,34,Male,Operations,Senior,Bachelor's,10,8,111930.0,3,4,3,No,53,20,4,0,No
EMP0254,57,Male,Finance,Junior,Master's,2,9,42052.0,5,4,4,Yes,19,26,2,0,No
EMP0255,34,Female,Sales,Mid-Level,Master's,3,7,141627.0,4,5,3,Yes,5,55,2,1,Yes
EMP0256,38,Female,Marketing,Manager,Bachelor's,2,7,145163.0,3,1,3,No,2,48,4,1,Yes
EMP0257,54,Male,Marketing,Mid-Level,Diploma,17,2,75756.0,4,5,4,No,68,2,5,0,No
EMP0258,26,Male,HR,Manager,Bachelor's,8,4,138025.0,2,3,2,Yes,63,34,6,0,No
EMP0259,29,Female,Finance,Junior,Bachelor's,6,4,128315.0,5,3,4,No,14,15,3,0,No
EMP0260,23,Male,Engineering,Mid-Level,Master's,11,5,46470.0,5,1,3,Yes,20,5,2,0,No
EMP0261,28,Male,Marketing,Senior,Bachelor's,15,8,103655.0,4,2,1,Yes,78,24,2,1,Yes
EMP0262,51,Female,Operations,Senior,Diploma,8,2,85901.0,4,5,1,No,52,39,5,0,No
EMP0263,55,Female,Engineering,Manager,Diploma,10,4,121624.0,3,5,4,Yes,52,38,3,0,No
EMP0264,55,Female,Operations,Manager,Master's,6,4,106258.0,3,5,1,No,59,58,3,0,No
EMP0265,47,Male,Engineering,Mid-Level,Bachelor's,15,6,144603.0,3,5,4,Yes,38,57,4,0,No
EMP0266,55,Female,HR,Senior,Bachelor's,19,8,40075.0,4,3,3,Yes,55,59,0,1,Yes
EMP0267,55,Female,Sales,Junior,Bachelor's,1,9,120807.0,2,3,3,No,17,49,2,0,No
EMP0268,38,Female,Engineering,Senior,Bachelor's,13,2,46470.0,4,2,1,Yes,57,54,0,0,No
EMP0269,48,Female,Sales,Director,Bachelor's,14,8,93628.0,2,3,3,No,6,23,5,0,No
EMP0270,35,Female,Engineering,Senior,Master's,5,6,127481.0,4,3,4,Yes,46,9,4,0,No
EMP0271,55,Male,Sales,Mid-Level,Master's,10,8,32601.0,4,2,3,No,0,34,1,1,Yes
EMP0272,39,Female,Sales,Director,Bachelor's,10,4,92068.0,3,3,3,No,11,4,4,0,No
EMP0273,47,Female,Finance,Senior,Bachelor's,13,2,66804.0,3,3,4,No,26,35,3,0,No
EMP0274,23,Female,Marketing,Junior,Bachelor's,11,1,25243.0,2,4,3,Yes,69,48,1,0,No
EMP0275,56,Female,Operations,Manager,Bachelor's,5,1,94290.0,4,4,1,No,61,30,7,0,No
EMP0276,36,Male,Sales,Mid-Level,Master's,15,8,80239.0,4,3,4,No,45,41,0,0,No
EMP0277,27,Male,Engineering,Senior,Master's,6,5,55722.0,4,4,3,No,5,2,7,0,No
EMP0278,39,Male,Marketing,Mid-Level,Bachelor's,12,9,26673.0,4,3,3,Yes,15,35,2,0,No
EMP0279,24,Female,Sales,Junior,Diploma,10,1,133026.0,2,5,4,No,13,59,4,0,No
EMP0280,33,Male,Sales,Junior,Master's,3,4,113666.0,4,5,3,Yes,31,7,4,0,No
EMP0281,31,Female,Operations,Senior,Master's,19,9,121407.0,2,4,4,Yes,58,24,6,1,Yes
EMP0282,30,Male,Operations,Junior,Master's,16,1,33649.0,4,1,1,No,77,19,0,0,No
EMP0283,54,Male,Sales,Junior,Master's,5,1,110222.0,4,5,4,Yes,57,36,6,0,No
EMP0284,55,Female,Engineering,Mid-Level,Bachelor's,2,9,139344.0,4,3,2,No,11,16,1,0,No
EMP0285,55,Male,Sales,Junior,Master's,9,9,53561.0,5,5,2,No,14,31,7,0,No
EMP0286,38,Female,Engineering,Mid-Level,PhD,8,8,122151.0,3,4,3,Yes,54,45,7,0,No
EMP0287,42,Male,Operations,Mid-Level,Master's,7,6,71775.0,5,3,3,No,53,39,0,0,No
EMP0288,28,Female,Engineering,Manager,Master's,12,9,96398.0,3,3,3,No,28,35,7,0,No
EMP0289,51,Female,Engineering,Senior,Bachelor's,19,8,42569.0,3,3,4,Yes,73,33,6,1,Yes
EMP0290,31,Female,Sales,Mid-Level,Bachelor's,6,5,128905.0,4,5,3,Yes,60,30,1,0,No
EMP0291,30,Male,Sales,Senior,Bachelor's,11,4,91372.0,5,1,3,Yes,74,38,3,1,Yes
EMP0292,23,Female,Sales,Junior,Bachelor's,14,2,131443.0,3,5,4,No,40,59,2,0,No
EMP0293,41,Male,Finance,Mid-Level,Master's,2,5,77620.0,1,3,2,No,37,47,2,0,No
EMP0294,43,Female,Operations,Junior,Master's,19,6,45382.0,5,4,4,Yes,11,17,4,0,No
EMP0295,45,Male,HR,Senior,Bachelor's,11,6,56567.0,4,3,3,No,35,53,3,0,No
EMP0296,36,Female,Sales,Mid-Level,Bachelor's,1,8,32322.0,3,5,3,No,12,49,2,0,No
EMP0297,25,Male,Operations,Mid-Level,Bachelor's,19,4,59647.0,5,4,3,No,48,26,1,0,No
EMP0298,36,Male,Finance,Manager,Bachelor's,5,6,33766.0,3,3,1,No,33,51,4,0,No
EMP0299,42,Female,Engineering,Junior,Bachelor's,10,7,113034.0,3,5,4,Yes,46,58,7,0,No
EMP0300,28,Female,Finance,Mid-Level,Master's,14,6,54557.0,3,4,3,Yes,1,3,6,0,No
EMP0301,43,Female,Sales,Junior,Bachelor's,5,8,105137.0,2,2,3,No,47,19,7,0,No
EMP0302,56,Male,Sales,Junior,Bachelor's,1,3,111412.0,2,3,3,Yes,14,41,5,0,No
EMP0303,27,Male,Engineering,Senior,Bachelor's,4,3,46414.0,4,2,4,No,15,15,2,0,No
EMP0304,48,Male,Operations,Manager,Bachelor's,5,8,93849.0,5,3,3,No,51,38,0,0,No
EMP0305,35,Female,Finance,Junior,Bachelor's,11,5,29067.0,5,3,3,No,19,53,0,0,No
EMP0306,35,Male,Finance,Mid-Level,Bachelor's,7,2,130335.0,5,4,3,No,70,2,5,0,No
EMP0307,54,Female,Operations,Mid-Level,Bachelor's,5,6,96322.0,4,5,4,Yes,68,53,4,0,No
EMP0308,32,Male,Engineering,Junior,Bachelor's,7,6,56278.0,3,4,3,No,23,6,0,0,No
EMP0309,24,Female,HR,Manager,Bachelor's,19,5,97983.0,4,4,3,No,74,46,1,0,No
EMP0310,53,Male,Marketing,Senior,PhD,9,5,115381.0,1,5,1,Yes,30,37,5,0,No
EMP0311,30,Female,Operations,Mid-Level,Diploma,6,2,114810.0,3,4,1,No,4,40,4,0,No
EMP0312,55,Male,Sales,Senior,Master's,17,7,144390.0,2,3,3,No,11,34,2,0,No
EMP0313,52,Male,Finance,Manager,Bachelor's,8,5,49834.0,4,1,4,No,43,19,5,0,No
EMP0314,34,Male,HR,Junior,Bachelor's,3,2,44378.0,3,1,4,No,13,13,3,0,No
EMP0315,57,Male,Operations,Mid-Level,Master's,1,3,50311.0,4,5,3,No,28,15,7,1,Yes
EMP0316,33,Male,Operations,Junior,Bachelor's,10,4,110122.0,3,3,4,No,73,43,7,0,No
EMP0317,23,Female,Engineering,Manager,Master's,15,4,107462.0,3,4,1,No,52,27,3,0,No
EMP0318,50,Male,Finance,Mid-Level,Master's,10,9,76090.0,3,2,3,No,68,7,7,1,Yes
EMP0319,32,Female,Finance,Mid-Level,Diploma,15,6,85732.0,3,4,3,Yes,40,59,0,1,Yes
EMP0320,55,Female,Sales,Junior,Bachelor's,6,2,116701.0,3,4,4,No,30,13,4,0,No
EMP0321,54,Female,Engineering,Senior,Bachelor's,18,9,69677.0,4,5,3,No,44,11,1,0,No
EMP0322,40,Female,Engineering,Senior,Diploma,19,4,39053.0,4,4,3,No,31,34,0,0,No
EMP0323,29,Male,Finance,Junior,Master's,13,6,149657.0,4,5,3,Yes,78,29,7,0,No
EMP0324,53,Male,Sales,Manager,Diploma,13,2,148448.0,4,3,1,No,57,18,5,1,Yes
EMP0325,23,Female,Engineering,Director,Bachelor's,16,8,54043.0,1,4,2,No,44,27,3,0,No
EMP0326,41,Male,Engineering,Junior,Bachelor's,14,7,85732.0,2,4,2,No,33,37,0,0,No
EMP0327,53,Male,Sales,Senior,Bachelor's,17,4,65977.0,3,5,3,No,7,18,2,0,No
EMP0328,43,Male,Sales,Mid-Level,Master's,8,4,56328.0,5,2,2,No,10,36,2,0,No
EMP0329,53,Female,Finance,Senior,Bachelor's,9,1,111691.0,3,3,2,No,12,52,3,0,No
EMP0330,28,Female,Operations,Junior,Bachelor's,10,6,90938.0,3,3,4,No,55,12,1,0,No
EMP0331,26,Male,Engineering,Senior,Master's,5,8,144573.0,3,1,2,Yes,21,6,7,1,Yes
EMP0332,55,Female,Sales,Manager,Bachelor's,14,2,127795.0,3,4,3,Yes,44,40,0,0,No
EMP0333,46,Male,Sales,Junior,Master's,2,6,31887.0,2,3,3,Yes,38,39,6,1,Yes
EMP0334,33,Male,Marketing,Mid-Level,Master's,3,1,73003.0,2,4,1,No,63,5,1,0,No
EMP0335,51,Female,Operations,Mid-Level,Bachelor's,9,1,37632.0,3,5,2,No,35,16,4,0,No
EMP0336,44,Female,HR,Mid-Level,Bachelor's,2,3,36571.0,3,4,4,No,31,20,5,1,Yes
EMP0337,41,Female,Sales,Mid-Level,Bachelor's,7,2,66069.0,3,4,2,Yes,16,26,3,0,No
EMP0338,48,Male,Engineering,Mid-Level,Master's,15,3,32720.0,4,3,4,Yes,19,48,5,1,Yes
EMP0339,43,Male,Operations,Junior,Bachelor's,11,8,25233.0,4,5,4,Yes,74,16,2,0,No
EMP0340,31,Male,Sales,Mid-Level,PhD,1,6,115395.0,5,5,3,No,54,37,2,0,No
EMP0341,50,Male,Operations,Mid-Level,Bachelor's,7,9,44840.0,1,4,3,No,27,59,4,0,No
EMP0342,51,Male,Sales,Mid-Level,Bachelor's,1,3,42321.0,3,5,1,No,67,36,2,0,No
EMP0343,52,Male,Operations,Junior,Bachelor's,15,9,42253.0,2,3,3,No,27,36,6,0,No
EMP0344,44,Female,Marketing,Junior,Diploma,9,7,47678.0,3,5,4,No,18,18,0,0,No
EMP0345,44,Female,HR,Junior,Bachelor's,2,8,140457.0,3,3,4,No,38,55,6,1,Yes
EMP0346,41,Male,Operations,Junior,Master's,16,8,135829.0,2,2,3,Yes,46,15,5,0,No
EMP0347,32,Female,Marketing,Mid-Level,PhD,16,9,26768.0,4,5,1,Yes,59,10,7,1,Yes
EMP0348,26,Male,HR,Senior,Bachelor's,19,8,131848.0,3,3,3,No,77,16,4,0,No
EMP0349,50,Male,Sales,Junior,Master's,2,2,101170.0,4,3,3,No,74,53,3,1,Yes
EMP0350,53,Male,Operations,Senior,Bachelor's,14,5,45709.0,3,1,4,No,43,51,6,0,No
EMP0351,57,Male,Sales,Junior,Bachelor's,17,2,31048.0,5,1,1,Yes,58,56,6,1,Yes
EMP0352,54,Female,Sales,Junior,Bachelor's,6,6,80154.0,5,4,4,No,62,45,5,0,No
EMP0353,26,Female,Operations,Junior,PhD,3,9,40253.0,5,4,2,No,8,3,5,0,No
EMP0354,33,Female,Marketing,Mid-Level,Diploma,16,5,110238.0,3,5,3,No,66,5,5,1,Yes
EMP0355,53,Male,Operations,Senior,Bachelor's,12,5,40424.0,4,3,1,No,6,5,3,1,Yes
EMP0356,51,Male,Engineering,Mid-Level,Diploma,7,4,86416.0,4,2,4,No,15,10,4,0,No
EMP0357,41,Male,Operations,Senior,Master's,17,1,112292.0,2,3,3,Yes,46,52,7,0,No
EMP0358,27,Female,Finance,Junior,Master's,9,4,58612.0,3,5,3,No,40,34,7,0,No
EMP0359,52,Male,Sales,Manager,Bachelor's,8,8,27309.0,1,1,4,No,24,10,3,0,No
EMP0360,31,Male,Marketing,Junior,Bachelor's,19,1,26754.0,4,3,2,No,36,30,7,0,No
EMP0361,40,Male,Operations,Junior,Bachelor's,6,1,75269.0,4,2,1,No,73,40,6,0,No
EMP0362,49,Male,Operations,Senior,Master's,5,6,83315.0,3,3,3,No,73,3,0,0,No
EMP0363,39,Male,Engineering,Senior,Bachelor's,4,8,29632.0,5,4,3,No,49,44,5,0,No
EMP0364,48,Female,Sales,Manager,Master's,9,6,128694.0,3,5,4,No,39,37,6,0,No
EMP0365,24,Male,Sales,Director,Master's,13,1,50169.0,4,3,2,No,75,18,4,0,No
EMP0366,27,Female,HR,Junior,Master's,11,3,110239.0,2,5,3,No,8,13,4,0,No
EMP0367,52,Male,Finance,Mid-Level,Bachelor's,11,7,83322.0,3,4,4,No,41,57,4,0,No
EMP0368,37,Male,Engineering,Senior,Diploma,13,3,92484.0,3,5,2,No,73,4,0,0,No
EMP0369,28,Male,Operations,Manager,PhD,1,9,144375.0,3,4,1,No,43,22,7,1,Yes
EMP0370,39,Male,Marketing,Junior,Bachelor's,3,8,59114.0,4,3,4,No,56,10,3,0,No
EMP0371,33,Male,Sales,Mid-Level,PhD,2,8,133081.0,4,4,3,No,67,48,7,0,No
EMP0372,32,Female,Marketing,Senior,Bachelor's,4,7,133138.0,5,5,3,No,1,59,4,0,No
EMP0373,45,Male,Engineering,Mid-Level,Bachelor's,8,9,48645.0,2,4,3,No,5,41,5,0,No
EMP0374,44,Female,Operations,Senior,Bachelor's,12,2,125325.0,1,3,1,No,55,29,1,1,Yes
EMP0375,56,Male,Sales,Mid-Level,PhD,9,2,147920.0,4,3,4,Yes,26,17,3,0,No
EMP0376,40,Female,Sales,Junior,Master's,10,7,29367.0,2,4,2,Yes,34,2,7,0,No
EMP0377,52,Male,Marketing,Senior,PhD,1,8,83359.0,3,5,1,No,20,30,5,1,Yes
EMP0378,36,Female,Engineering,Manager,Diploma,16,2,33334.0,5,4,4,No,18,11,1,0,No
EMP0379,50,Male,Finance,Senior,Bachelor's,6,4,133185.0,3,4,3,No,19,20,4,0,No
EMP0380,52,Male,Sales,Senior,Master's,6,1,132212.0,5,3,2,No,47,10,5,0,No
EMP0381,33,Female,Sales,Mid-Level,Bachelor's,9,2,78073.0,1,2,2,Yes,14,40,3,1,Yes
EMP0382,50,Female,Finance,Junior,Bachelor's,4,2,48945.0,4,5,4,Yes,18,27,3,0,No
EMP0383,43,Male,Engineering,Senior,Bachelor's,19,6,87400.0,5,2,3,No,9,54,3,0,No
EMP0384,54,Male,Sales,Senior,Master's,17,6,64497.0,5,4,2,Yes,32,44,0,0,No
EMP0385,45,Male,Engineering,Manager,Bachelor's,19,2,146353.0,3,4,4,No,29,1,5,0,No
EMP0386,37,Male,Sales,Mid-Level,Bachelor's,2,6,99629.0,4,2,3,Yes,30,19,4,1,Yes
EMP0387,23,Female,Finance,Junior,Master's,6,9,33132.0,4,3,3,No,63,13,0,0,No
EMP0388,53,Female,Engineering,Director,Bachelor's,10,1,25903.0,5,3,1,No,63,52,6,0,No
EMP0389,44,Male,Finance,Mid-Level,Diploma,10,1,72627.0,4,4,3,No,58,41,4,0,No
EMP0390,22,Female,Operations,Manager,Bachelor's,13,9,117449.0,4,5,2,No,53,29,1,0,No
EMP0391,44,Female,HR,Junior,Master's,1,7,112567.0,4,3,3,No,45,45,3,0,No
EMP0392,42,Male,Marketing,Junior,Bachelor's,9,7,117276.0,5,3,3,No,32,2,4,0,No
EMP0393,48,Female,Engineering,Mid-Level,Bachelor's,17,6,60688.0,2,3,2,No,67,50,0,0,No
EMP0394,33,Male,Engineering,Mid-Level,Master's,3,2,143919.0,3,1,3,No,23,28,4,0,No
EMP0395,53,Female,Engineering,Mid-Level,Bachelor's,17,7,36981.0,4,3,3,No,50,28,0,0,No
EMP0396,37,Female,Engineering,Mid-Level,Master's,11,8,93734.0,4,4,2,No,23,59,1,0,No
EMP0397,37,Female,Sales,Mid-Level,PhD,13,3,39614.0,5,4,3,No,15,31,2,0,No
EMP0398,50,Male,Finance,Mid-Level,Bachelor's,2,2,48410.0,3,3,4,Yes,41,27,2,0,No
EMP0399,31,Female,Sales,Senior,Bachelor's,3,4,111062.0,4,3,1,No,51,32,2,0,No
EMP0400,22,Male,HR,Senior,Master's,1,5,65263.0,3,2,1,No,7,2,3,1,Yes
EMP0401,43,Male,Operations,Director,Bachelor's,2,5,34450.0,4,3,4,No,35,13,4,0,No
EMP0402,40,Male,Engineering,Junior,Master's,6,8,127501.0,3,4,4,No,58,55,6,0,No
EMP0403,43,Female,Engineering,Mid-Level,Bachelor's,18,2,33115.0,5,4,4,No,50,34,6,0,No
EMP0404,25,Male,Operations,Manager,Bachelor's,7,3,126556.0,4,2,3,Yes,46,20,3,0,No
EMP0405,38,Male,Sales,Junior,Master's,9,4,38428.0,2,5,1,No,46,25,1,0,No
EMP0406,24,Female,Marketing,Junior,Master's,6,8,116307.0,3,5,2,No,6,39,7,0,No
EMP0407,29,Male,Marketing,Mid-Level,Master's,6,4,37786.0,3,3,2,No,71,19,5,0,No
EMP0408,57,Female,Engineering,Junior,Master's,8,3,57020.0,3,5,2,No,51,23,6,1,Yes
EMP0409,29,Female,Engineering,Manager,Master's,5,4,108574.0,4,3,2,No,6,27,3,0,No
EMP0410,52,Female,Engineering,Senior,Bachelor's,7,1,34685.0,1,2,3,No,45,51,0,0,No
EMP0411,50,Female,Engineering,Mid-Level,Bachelor's,1,1,56127.0,2,3,3,No,41,5,0,0,No
EMP0412,28,Male,Finance,Junior,Bachelor's,5,1,143990.0,3,4,3,No,33,56,0,0,No
EMP0413,27,Male,Finance,Mid-Level,Bachelor's,17,5,87516.0,4,4,4,No,70,34,1,0,No
EMP0414,46,Female,Finance,Junior,PhD,6,5,113417.0,4,5,4,Yes,28,26,3,0,No
EMP0415,51,Male,Marketing,Senior,Master's,4,7,129700.0,3,3,3,No,8,50,0,0,No
EMP0416,22,Male,Operations,Senior,Master's,3,1,73980.0,5,4,4,Yes,10,50,5,0,No
EMP0417,23,Female,Finance,Mid-Level,Bachelor's,11,3,83678.0,4,2,4,No,42,27,6,0,No
EMP0418,25,Female,Operations,Senior,Bachelor's,12,1,51293.0,2,4,3,No,39,17,0,0,No
EMP0419,51,Male,Engineering,Manager,Master's,15,1,33190.0,4,3,1,No,31,13,4,0,No
EMP0420,45,Male,Sales,Manager,Bachelor's,19,8,38756.0,3,4,1,No,71,51,6,1,Yes
EMP0421,22,Female,HR,Senior,Diploma,1,3,135047.0,4,3,1,No,22,56,4,0,No
EMP0422,31,Male,Engineering,Director,Bachelor's,4,4,37146.0,3,3,1,No,10,26,4,0,No
EMP0423,40,Female,Engineering,Senior,Diploma,1,7,37941.0,3,4,2,No,27,20,4,0,No
EMP0424,38,Female,Sales,Director,PhD,19,3,104619.0,3,4,4,No,44,19,2,0,No
EMP0425,25,Female,Engineering,Director,Bachelor's,16,6,28780.0,3,2,4,No,55,9,2,1,Yes
EMP0426,29,Male,Engineering,Junior,PhD,5,9,84116.0,3,3,3,No,44,20,1,0,No
EMP0427,27,Male,Sales,Senior,Bachelor's,18,1,114368.0,3,4,2,No,22,37,6,0,No
EMP0428,46,Female,Sales,Senior,Bachelor's,15,2,63216.0,5,5,1,No,75,9,2,0,No
EMP0429,30,Female,Sales,Senior,Master's,4,1,125185.0,5,3,3,Yes,73,3,7,0,No
EMP0430,53,Male,Finance,Senior,Master's,18,4,136298.0,4,3,4,No,8,10,4,0,No
EMP0431,25,Male,Sales,Junior,Bachelor's,1,1,37098.0,4,3,3,Yes,46,28,3,1,Yes
EMP0432,27,Male,Sales,Senior,PhD,9,3,75876.0,3,4,4,No,77,22,1,0,No
EMP0433,44,Female,Finance,Senior,Master's,10,3,133478.0,5,4,3,Yes,0,51,5,1,Yes
EMP0434,27,Female,Operations,Mid-Level,Master's,13,4,105656.0,5,3,3,No,36,46,1,0,No
EMP0435,32,Male,Sales,Mid-Level,Master's,10,7,100216.0,5,5,3,No,73,44,1,0,No
EMP0436,24,Female,Engineering,Senior,Bachelor's,9,5,124431.0,3,5,4,Yes,55,4,1,0,No
EMP0437,40,Female,Operations,Mid-Level,Diploma,12,7,71623.0,4,4,2,No,14,8,2,0,No
EMP0438,44,Male,Sales,Manager,Bachelor's,4,2,125920.0,3,1,3,Yes,56,1,4,1,Yes
EMP0439,57,Male,Engineering,Manager,Master's,14,5,80114.0,3,3,3,No,78,25,3,0,No
EMP0440,57,Female,Finance,Senior,Master's,8,6,38881.0,4,4,3,No,41,33,7,0,No
EMP0441,24,Male,Sales,Senior,Bachelor's,11,8,127676.0,4,5,3,No,60,40,5,0,No
EMP0442,40,Female,Sales,Manager,Master's,11,6,74339.0,5,3,4,Yes,34,11,2,0,No
EMP0443,53,Male,Finance,Mid-Level,Bachelor's,4,4,45894.0,3,3,1,Yes,23,53,5,0,No
EMP0444,33,Female,Engineering,Manager,Bachelor's,12,4,113650.0,4,3,1,Yes,12,17,3,1,Yes
EMP0445,51,Male,Operations,Mid-Level,Master's,8,8,44444.0,5,3,4,Yes,34,44,7,0,No
EMP0446,37,Male,Finance,Mid-Level,Bachelor's,12,7,60182.0,3,5,3,Yes,40,29,3,0,No
EMP0447,47,Male,Finance,Junior,Master's,4,1,61810.0,5,5,3,Yes,34,38,3,0,No
EMP0448,43,Male,Sales,Mid-Level,Bachelor's,9,1,130840.0,4,4,3,Yes,17,54,1,0,No
EMP0449,39,Female,Operations,Mid-Level,Diploma,3,7,138650.0,5,4,3,No,46,52,3,0,No
EMP0450,28,Male,HR,Manager,Bachelor's,10,3,106325.0,5,4,2,Yes,16,47,0,0,No
EMP0451,24,Male,Finance,Junior,Master's,19,1,72472.0,3,3,3,No,37,23,5,0,No
EMP0452,34,Male,Finance,Mid-Level,Diploma,15,9,144582.0,3,5,3,No,18,56,7,0,No
EMP0453,56,Male,Operations,Junior,Bachelor's,18,3,63879.0,3,3,3,No,3,20,4,0,No
EMP0454,57,Male,Finance,Senior,Bachelor's,14,1,88890.0,1,4,1,No,78,40,4,0,No
EMP0455,48,Male,Engineering,Manager,Master's,1,2,133587.0,5,4,2,No,40,8,3,0,No
EMP0456,34,Female,Operations,Junior,PhD,17,5,111650.0,4,4,2,No,45,55,6,0,No
EMP0457,50,Female,Marketing,Manager,Bachelor's,6,7,142979.0,3,4,4,No,31,49,1,0,No
EMP0458,42,Male,Sales,Director,Master's,14,9,92620.0,4,2,3,No,26,7,5,1,Yes
EMP0459,28,Male,Engineering,Junior,Bachelor's,6,3,38971.0,3,4,3,No,31,23,1,0,No
EMP0460,32,Female,Engineering,Junior,Bachelor's,9,3,68089.0,3,3,2,No,21,17,6,1,Yes
EMP0461,45,Male,Sales,Junior,Master's,3,5,36159.0,4,3,3,No,7,58,0,0,No
EMP0462,28,Male,Operations,Junior,Bachelor's,13,5,97012.0,4,4,2,Yes,40,16,3,0,No
EMP0463,48,Female,Sales,Junior,Bachelor's,15,3,85926.0,4,4,3,No,47,21,5,0,No
EMP0464,27,Male,Marketing,Junior,Master's,3,2,83613.0,3,4,4,No,30,31,2,0,No
EMP0465,36,Male,Engineering,Mid-Level,Bachelor's,17,1,130431.0,3,3,3,Yes,68,6,0,0,No
EMP0466,22,Male,Engineering,Junior,Bachelor's,6,7,110853.0,3,5,2,No,52,11,5,0,No
EMP0467,52,Male,Sales,Manager,Master's,7,5,71288.0,4,2,3,Yes,61,50,1,1,Yes
EMP0468,34,Female,Finance,Mid-Level,Master's,12,1,107652.0,3,2,4,Yes,54,56,4,0,No
EMP0469,36,Female,Operations,Junior,Master's,3,3,129836.0,3,2,3,No,8,27,4,0,No
EMP0470,22,Male,Engineering,Manager,Bachelor's,18,7,74128.0,3,4,2,No,20,13,4,0,No
EMP0471,46,Male,Operations,Junior,Bachelor's,7,3,102587.0,1,3,3,No,11,25,7,0,No
EMP0472,48,Female,Operations,Junior,Master's,6,2,121353.0,4,3,3,Yes,18,18,0,0,No
EMP0473,24,Male,Sales,Mid-Level,Bachelor's,19,3,62485.0,2,3,1,No,16,32,5,0,No
EMP0474,32,Female,Engineering,Junior,Bachelor's,4,8,92639.0,3,5,4,No,71,40,3,0,No
EMP0475,46,Female,Engineering,Junior,Master's,16,3,52291.0,4,3,3,Yes,66,41,4,0,No
EMP0476,31,Male,Sales,Manager,Bachelor's,5,8,94166.0,3,1,2,No,79,46,2,0,No
EMP0477,33,Female,Operations,Manager,Master's,12,2,35289.0,3,4,4,No,20,10,2,0,No
EMP0478,25,Male,Engineering,Mid-Level,Bachelor's,17,2,31051.0,4,2,2,Yes,8,9,4,1,Yes
EMP0479,37,Female,Marketing,Junior,Bachelor's,17,2,69629.0,3,2,4,No,68,49,0,1,Yes
EMP0480,23,Male,Operations,Junior,Bachelor's,17,1,35362.0,2,4,4,Yes,4,20,6,1,Yes
EMP0481,22,Female,Sales,Mid-Level,Master's,11,9,118971.0,4,3,1,No,55,49,5,0,No
EMP0482,27,Male,Operations,Manager,Master's,4,7,127171.0,5,5,4,No,44,17,4,0,No
EMP0483,33,Female,Engineering,Mid-Level,Bachelor's,3,6,123990.0,3,5,1,Yes,38,16,1,0,No
EMP0484,50,Male,Operations,Mid-Level,Bachelor's,10,4,27236.0,3,5,2,Yes,11,22,5,0,No
EMP0485,41,Female,Sales,Senior,Bachelor's,19,6,25166.0,3,2,2,No,62,29,1,0,No
EMP0486,41,Male,Sales,Senior,Master's,17,9,60832.0,4,5,1,Yes,69,45,2,1,Yes
EMP0487,23,Female,Finance,Junior,Bachelor's,13,5,104734.0,5,3,4,Yes,43,31,3,0,No
EMP0488,24,Male,HR,Junior,PhD,14,3,51808.0,4,2,3,No,18,9,6,0,No
EMP0489,35,Male,Operations,Mid-Level,Bachelor's,9,6,110249.0,4,3,2,No,79,56,3,0,No
EMP0490,43,Male,Sales,Mid-Level,PhD,3,1,122181.0,3,4,2,No,62,10,2,0,No
EMP0491,26,Female,Engineering,Senior,Diploma,6,8,141928.0,1,4,4,No,47,13,5,0,No
EMP0492,22,Female,Sales,Mid-Level,Bachelor's,8,5,67648.0,4,3,3,Yes,33,47,6,0,No
EMP0493,22,Female,Sales,Manager,Bachelor's,12,8,112120.0,4,5,4,No,31,18,7,0,No
EMP0494,22,Male,HR,Mid-Level,Bachelor's,10,1,93138.0,4,1,3,Yes,61,6,2,0,No
EMP0495,24,Male,Sales,Manager,Bachelor's,16,8,50070.0,4,3,3,No,75,58,1,0,No
EMP0496,26,Male,HR,Manager,Bachelor's,18,4,92090.0,4,3,3,No,27,53,2,0,No
EMP0497,45,Male,Engineering,Senior,Diploma,10,8,61867.0,4,3,2,No,54,11,2,0,No
EMP0498,26,Female,Operations,Mid-Level,Master's,3,8,134136.0,4,4,2,Yes,68,34,5,0,No
EMP0499,46,Male,Engineering,Manager,Bachelor's,18,4,84060.0,4,3,3,No,46,10,6,0,No
EMP0500,47,Female,Marketing,Junior,Bachelor's,12,9,91655.0,3,1,4,No,20,50,2,1,Yes
EMP0501,42,Female,Operations,Junior,Bachelor's,2,7,85578.0,3,4,1,Yes,1,11,7,0,No
EMP0502,23,Female,Marketing,Mid-Level,Diploma,15,4,125796.0,4,3,4,No,30,36,1,0,No
EMP0503,36,Male,Engineering,Junior,Master's,18,5,98259.0,4,5,2,No,24,15,2,0,No
EMP0504,22,Female,Sales,Junior,Bachelor's,19,5,104717.0,5,3,3,No,27,32,0,0,No
EMP0505,43,Male,Sales,Mid-Level,Bachelor's,4,1,73321.0,4,1,4,No,37,21,4,0,No
EMP0506,32,Male,Operations,Junior,Bachelor's,9,9,52133.0,3,3,4,No,53,41,2,0,No
EMP0507,28,Male,Marketing,Mid-Level,Master's,10,9,118505.0,5,2,2,Yes,36,43,3,1,Yes
EMP0508,38,Male,Finance,Junior,Bachelor's,8,7,47224.0,3,3,4,Yes,31,19,2,0,No
EMP0509,55,Male,Engineering,Junior,Bachelor's,14,9,48207.0,4,4,3,No,24,22,3,0,No
EMP0510,35,Female,Engineering,Junior,Diploma,13,1,51619.0,4,5,3,No,41,57,2,0,No
EMP0511,38,Female,Finance,Manager,Bachelor's,12,4,116625.0,2,4,2,No,76,24,3,0,No
EMP0512,41,Male,Operations,Mid-Level,Bachelor's,11,7,146545.0,3,2,2,No,24,1,1,0,No
EMP0513,52,Female,Engineering,Manager,Master's,6,2,108665.0,3,3,3,No,59,55,0,0,No
EMP0514,33,Male,Operations,Director,Master's,19,5,58524.0,3,4,4,Yes,36,29,0,0,No
EMP0515,24,Female,Sales,Mid-Level,Bachelor's,9,6,112022.0,4,1,3,Yes,34,31,3,1,Yes
EMP0516,36,Male,Marketing,Senior,Master's,19,3,45709.0,4,4,3,No,1,47,1,0,No
EMP0517,54,Female,Engineering,Mid-Level,Diploma,17,3,139974.0,3,3,3,No,59,42,6,0,No
EMP0518,33,Female,Marketing,Director,Master's,14,7,77420.0,3,5,3,No,60,54,5,0,No
EMP0519,22,Male,Sales,Manager,PhD,2,4,39114.0,3,5,3,Yes,16,52,0,1,Yes
EMP0520,40,Male,Engineering,Senior,PhD,16,9,107059.0,3,3,2,Yes,27,40,2,1,Yes
EMP0521,24,Male,HR,Manager,PhD,16,3,53905.0,3,3,3,No,55,33,6,0,No
EMP0522,23,Male,HR,Senior,Bachelor's,17,9,86429.0,4,1,3,No,17,59,3,0,No
EMP0523,35,Female,Finance,Manager,Bachelor's,1,6,137902.0,4,4,2,No,50,48,1,0,No
EMP0524,48,Female,Sales,Junior,Bachelor's,18,2,97633.0,4,4,2,Yes,25,31,3,0,No
EMP0525,45,Male,HR,Mid-Level,Bachelor's,15,4,26635.0,4,4,4,No,65,15,7,0,No
EMP0526,40,Female,Sales,Mid-Level,Master's,1,8,73384.0,1,3,4,No,53,6,3,0,No
EMP0527,45,Female,Sales,Manager,Master's,12,1,91215.0,4,3,3,Yes,1,35,7,0,No
EMP0528,56,Female,Engineering,Senior,Master's,15,2,27476.0,1,4,3,No,15,45,4,0,No
EMP0529,55,Female,Sales,Mid-Level,Bachelor's,10,1,66001.0,3,3,3,Yes,24,48,2,1,Yes
EMP0530,56,Male,Marketing,Junior,Bachelor's,19,8,93065.0,3,1,2,No,6,44,4,0,No
EMP0531,25,Male,Operations,Manager,Diploma,17,3,106516.0,4,4,2,No,53,22,3,0,No
EMP0532,51,Male,Engineering,Mid-Level,Bachelor's,8,2,36108.0,4,5,3,No,3,40,6,0,No
EMP0533,35,Male,Operations,Junior,PhD,10,5,69859.0,4,1,4,No,61,59,5,1,Yes
EMP0534,46,Male,Marketing,Junior,Master's,14,9,27833.0,4,5,2,Yes,66,23,0,0,No
EMP0535,52,Male,HR,Mid-Level,Master's,3,3,147709.0,4,4,1,No,66,34,1,0,No
EMP0536,33,Male,HR,Junior,Master's,4,3,72926.0,3,5,3,Yes,45,6,4,0,No
EMP0537,37,Female,Marketing,Junior,Bachelor's,1,6,63333.0,4,2,2,No,49,44,0,1,Yes
EMP0538,56,Male,Sales,Junior,Master's,8,8,77924.0,3,4,1,No,59,46,7,1,Yes
EMP0539,27,Male,Sales,Mid-Level,Master's,10,8,93265.0,3,3,4,No,53,41,0,0,No
EMP0540,33,Male,Operations,Senior,Bachelor's,15,5,149581.0,3,4,2,Yes,10,21,7,0,No
EMP0541,43,Male,HR,Senior,Bachelor's,16,8,29954.0,3,3,3,No,61,9,0,0,No
EMP0542,46,Female,Operations,Senior,Master's,6,4,110025.0,3,4,4,Yes,19,27,6,0,No
EMP0543,27,Male,Finance,Senior,Master's,10,8,84778.0,4,5,1,Yes,67,26,0,0,No
EMP0544,34,Male,Finance,Mid-Level,Bachelor's,12,1,131673.0,5,2,3,Yes,47,49,1,0,No
EMP0545,44,Female,Sales,Senior,Diploma,2,2,93093.0,5,4,4,No,32,56,0,0,No
EMP0546,26,Male,Sales,Senior,Diploma,5,1,98751.0,4,5,2,No,31,46,5,0,No
EMP0547,30,Female,Finance,Senior,Bachelor's,6,4,117933.0,3,3,4,No,74,7,0,0,No
EMP0548,56,Male,Sales,Junior,Bachelor's,4,1,85374.0,3,4,3,No,34,13,7,0,No
EMP0549,36,Female,Operations,Junior,Bachelor's,19,2,98376.0,4,3,2,No,3,18,3,0,No
EMP0550,43,Female,Operations,Senior,Master's,13,1,134893.0,4,1,3,Yes,59,17,0,1,Yes
EMP0551,57,Male,Sales,Mid-Level,Bachelor's,15,5,101962.0,4,4,1,No,11,55,6,0,No
EMP0552,54,Female,Operations,Manager,PhD,13,9,126763.0,4,5,3,Yes,45,49,2,0,No
EMP0553,40,Female,Operations,Junior,Bachelor's,9,1,54939.0,4,3,3,No,39,23,4,0,No
EMP0554,30,Female,Sales,Junior,Bachelor's,19,6,62005.0,4,4,3,Yes,67,14,1,0,No
EMP0555,23,Male,Finance,Senior,Master's,17,4,127058.0,4,3,3,Yes,8,16,3,1,Yes
EMP0556,52,Female,Marketing,Mid-Level,Bachelor's,7,7,73390.0,1,4,3,Yes,74,57,4,0,No
EMP0557,24,Female,Sales,Director,Bachelor's,14,5,125376.0,4,4,2,Yes,77,8,5,0,No
EMP0558,28,Male,Finance,Manager,Bachelor's,15,6,119620.0,2,5,3,No,65,20,5,1,Yes
EMP0559,54,Male,Sales,Junior,Bachelor's,12,2,72775.0,4,1,3,Yes,34,14,2,1,Yes
EMP0560,54,Male,Sales,Junior,PhD,15,4,97137.0,4,5,1,No,42,29,3,0,No
EMP0561,29,Female,Engineering,Manager,Master's,9,3,63859.0,4,1,3,No,58,8,1,0,No
EMP0562,26,Female,Sales,Mid-Level,Bachelor's,1,5,26682.0,3,3,3,No,7,25,0,1,Yes
EMP0563,40,Female,Operations,Mid-Level,PhD,18,6,41766.0,5,5,4,No,55,42,7,1,Yes
EMP0564,43,Female,Sales,Director,Bachelor's,13,1,53277.0,4,5,3,No,74,14,0,0,No
EMP0565,26,Female,Operations,Mid-Level,Bachelor's,9,8,53232.0,4,2,1,No,43,10,1,1,Yes
EMP0566,39,Female,Engineering,Junior,Bachelor's,3,4,95855.0,2,5,4,No,66,45,5,0,No
EMP0567,34,Male,Sales,Mid-Level,Bachelor's,18,6,99024.0,4,5,3,No,27,19,3,0,No
EMP0568,45,Female,Sales,Manager,Master's,16,7,67094.0,5,4,1,No,50,58,7,0,No
EMP0569,39,Female,Operations,Senior,Master's,11,2,136236.0,5,5,2,Yes,42,22,6,1,Yes
EMP0570,48,Male,Operations,Junior,Bachelor's,13,1,75707.0,2,5,1,No,76,35,2,1,Yes
EMP0571,31,Male,Sales,Junior,Bachelor's,9,1,100255.0,3,2,2,No,9,22,0,0,No
EMP0572,52,Female,Engineering,Senior,Bachelor's,10,9,78229.0,3,4,2,No,3,6,2,0,No
EMP0573,26,Female,HR,Mid-Level,Master's,17,4,134953.0,1,3,4,Yes,42,25,5,1,Yes
EMP0574,46,Male,Sales,Junior,Bachelor's,9,6,96022.0,3,2,2,Yes,65,4,1,0,No
EMP0575,31,Female,HR,Junior,Bachelor's,15,9,59143.0,3,3,1,Yes,51,52,3,1,Yes
EMP0576,35,Female,Operations,Mid-Level,Bachelor's,19,6,76270.0,4,3,3,Yes,20,35,5,1,Yes
EMP0577,46,Male,Engineering,Mid-Level,Master's,2,2,28603.0,4,2,2,No,34,46,3,0,No
EMP0578,37,Male,Engineering,Director,Diploma,17,1,101464.0,4,3,1,No,16,28,4,0,No
EMP0579,40,Male,Finance,Junior,Bachelor's,11,2,96862.0,3,4,3,No,62,52,5,0,No
EMP0580,34,Male,Engineering,Mid-Level,Bachelor's,14,7,48549.0,1,2,2,No,53,41,0,0,No
EMP0581,53,Male,Finance,Mid-Level,Master's,8,5,139463.0,5,3,4,No,63,39,1,0,No
EMP0582,35,Male,Engineering,Mid-Level,Master's,9,4,58467.0,4,5,2,No,73,44,0,0,No
EMP0583,52,Female,Finance,Mid-Level,Master's,3,9,27174.0,3,4,3,No,30,51,2,0,No
EMP0584,49,Female,Sales,Mid-Level,Master's,15,8,130352.0,2,4,2,No,64,6,6,0,No
EMP0585,48,Male,Operations,Manager,Master's,14,1,63365.0,3,3,3,No,40,57,7,0,No
EMP0586,39,Male,Engineering,Senior,Bachelor's,16,3,83652.0,4,3,4,Yes,19,24,3,0,No
EMP0587,48,Male,Operations,Senior,Bachelor's,12,1,108711.0,4,4,3,Yes,14,38,4,1,Yes
EMP0588,34,Male,Engineering,Junior,Bachelor's,13,6,122403.0,3,3,2,No,45,15,0,0,No
EMP0589,22,Female,Marketing,Junior,Bachelor's,13,8,132019.0,3,3,2,No,28,37,4,0,No
EMP0590,37,Female,Operations,Senior,Bachelor's,9,2,39311.0,2,3,3,No,19,27,6,0,No
EMP0591,42,Male,Engineering,Junior,Bachelor's,17,6,101308.0,4,2,4,Yes,42,1,0,1,Yes
EMP0592,33,Male,Sales,Junior,Bachelor's,11,6,68218.0,3,5,3,No,46,54,6,0,No
EMP0593,36,Male,Finance,Junior,Master's,16,7,64620.0,3,4,3,No,5,35,1,0,No
EMP0594,32,Male,Finance,Director,Master's,4,8,96753.0,4,2,3,Yes,62,30,5,0,No
EMP0595,29,Male,Finance,Senior,Bachelor's,12,2,78277.0,4,5,2,No,23,20,5,0,No
EMP0596,35,Male,Operations,Mid-Level,Diploma,18,1,41091.0,5,3,3,No,24,59,1,0,No
EMP0597,57,Male,Engineering,Mid-Level,Bachelor's,13,3,65678.0,3,2,2,No,64,15,3,1,Yes
EMP0598,39,Female,Finance,Junior,Bachelor's,17,2,32590.0,4,4,3,No,23,50,6,0,No
EMP0599,25,Female,HR,Mid-Level,Diploma,15,5,79783.0,3,3,3,No,72,50,0,0,No
EMP0600,37,Male,HR,Senior,Bachelor's,11,3,37233.0,4,4,1,No,5,43,4,1,Yes
EMP0601,37,Female,Marketing,Director,Diploma,6,9,46845.0,2,4,4,No,77,52,6,0,No
EMP0602,37,Male,Engineering,Junior,Diploma,1,6,44890.0,5,5,3,Yes,58,16,4,0,No
EMP0603,26,Male,Sales,Junior,Diploma,19,9,28287.0,3,4,4,No,53,48,3,0,No
EMP0604,30,Female,Engineering,Manager,Bachelor's,13,5,42453.0,1,3,3,Yes,72,11,5,0,No
EMP0605,48,Male,Sales,Manager,Bachelor's,18,3,116079.0,3,3,4,No,16,26,2,0,No
EMP0606,40,Male,Sales,Mid-Level,Bachelor's,5,8,140457.0,3,4,3,No,16,14,1,0,No
EMP0607,32,Male,Engineering,Senior,Bachelor's,13,8,89725.0,2,5,4,No,66,24,4,0,No
EMP0608,46,Male,Operations,Mid-Level,Diploma,11,5,92669.0,5,4,4,No,36,15,7,0,No
EMP0609,44,Male,Engineering,Senior,Master's,19,7,26938.0,5,4,3,No,40,54,0,0,No
EMP0610,34,Female,Operations,Senior,Master's,17,2,83238.0,3,5,3,No,63,37,6,0,No
EMP0611,24,Female,Finance,Senior,Bachelor's,6,1,88933.0,4,1,2,No,74,52,6,0,No
EMP0612,49,Male,Sales,Junior,Bachelor's,13,2,75286.0,2,4,2,Yes,3,54,5,1,Yes
EMP0613,45,Male,Engineering,Senior,PhD,8,4,57086.0,4,4,4,Yes,3,42,0,0,No
EMP0614,25,Female,Sales,Junior,Bachelor's,2,2,129416.0,1,4,4,Yes,71,2,1,0,No
EMP0615,26,Female,HR,Mid-Level,Bachelor's,10,4,97144.0,5,2,1,No,65,45,2,1,Yes
EMP0616,23,Female,Engineering,Mid-Level,PhD,10,9,40118.0,3,5,4,No,42,42,5,0,No
EMP0617,50,Male,Engineering,Junior,Bachelor's,5,5,138491.0,3,4,3,Yes,54,45,7,1,Yes
EMP0618,43,Female,Operations,Senior,Master's,12,1,74108.0,4,3,3,Yes,79,42,6,0,No
EMP0619,42,Female,Sales,Mid-Level,Bachelor's,7,6,88874.0,4,5,3,No,60,41,2,0,No
EMP0620,48,Male,Engineering,Senior,Bachelor's,12,4,40597.0,2,3,3,No,19,26,2,0,No
EMP0621,52,Female,HR,Mid-Level,Master's,3,3,90177.0,3,3,3,No,45,1,0,0,No
EMP0622,50,Male,Sales,Senior,Master's,5,5,111426.0,4,3,4,Yes,6,30,1,0,No
EMP0623,42,Male,Marketing,Senior,PhD,18,2,32916.0,4,3,1,No,62,25,2,0,No
EMP0624,47,Male,Operations,Manager,Bachelor's,18,2,144691.0,3,4,4,Yes,41,17,6,0,No
EMP0625,48,Female,Finance,Manager,Bachelor's,10,7,110057.0,3,3,4,No,71,39,0,0,No
EMP0626,57,Female,Engineering,Junior,Bachelor's,13,8,118859.0,3,1,3,No,69,56,7,1,Yes
EMP0627,42,Female,Finance,Mid-Level,Bachelor's,11,8,63691.0,3,5,2,No,5,8,5,1,Yes
EMP0628,46,Male,Engineering,Mid-Level,Bachelor's,2,5,134729.0,3,2,3,No,61,22,5,0,No
EMP0629,33,Female,Engineering,Manager,Master's,1,9,104270.0,3,1,3,Yes,57,50,2,1,Yes
EMP0630,35,Male,Finance,Mid-Level,Master's,13,7,30543.0,4,5,3,Yes,67,42,2,0,No
EMP0631,29,Female,Operations,Senior,Diploma,15,5,65978.0,3,3,3,Yes,36,3,5,0,No
EMP0632,57,Male,Operations,Junior,Bachelor's,7,6,127952.0,5,2,3,No,35,50,3,0,No
EMP0633,23,Female,Engineering,Senior,Bachelor's,10,1,131882.0,3,4,3,No,16,13,0,0,No
EMP0634,37,Male,Finance,Senior,Bachelor's,11,9,66499.0,3,5,2,No,58,11,6,0,No
EMP0635,48,Female,Engineering,Junior,Bachelor's,13,7,113461.0,3,5,4,No,61,29,2,0,No
EMP0636,25,Male,Operations,Mid-Level,Master's,8,7,52245.0,4,3,3,No,6,45,3,0,No
EMP0637,26,Male,Sales,Mid-Level,Master's,17,1,83717.0,4,3,4,Yes,73,1,6,0,No
EMP0638,35,Female,Sales,Junior,PhD,10,9,30014.0,4,3,4,No,12,52,0,0,No
EMP0639,24,Female,Engineering,Mid-Level,Bachelor's,12,4,122638.0,3,4,4,No,41,47,1,0,No
EMP0640,38,Male,Engineering,Junior,Master's,16,3,145744.0,2,3,3,No,52,31,0,0,No
EMP0641,39,Female,Operations,Junior,Bachelor's,5,8,115356.0,4,4,3,No,35,18,0,0,No
EMP0642,55,Male,Engineering,Manager,PhD,19,8,83208.0,2,4,4,Yes,9,51,0,0,No
EMP0643,54,Female,Engineering,Mid-Level,Bachelor's,2,8,103819.0,4,5,1,Yes,16,53,1,1,Yes
EMP0644,36,Male,Operations,Junior,Master's,15,7,38916.0,3,4,2,No,74,3,7,0,No
EMP0645,31,Female,Sales,Manager,Bachelor's,3,1,139709.0,4,5,4,Yes,12,50,6,1,Yes
EMP0646,31,Female,Finance,Manager,PhD,7,8,116476.0,3,3,3,No,72,31,7,0,No
EMP0647,38,Male,Sales,Junior,Bachelor's,14,7,115327.0,3,2,1,No,25,22,1,0,No
EMP0648,31,Male,Operations,Manager,Bachelor's,5,8,73728.0,4,5,4,No,58,19,6,0,No
EMP0649,45,Male,Marketing,Senior,Diploma,9,8,87956.0,5,5,3,No,31,8,0,0,No
EMP0650,51,Female,Marketing,Senior,Diploma,13,2,92469.0,4,4,4,No,67,57,3,0,No
EMP0651,33,Female,Sales,Junior,Bachelor's,14,6,91091.0,3,5,4,Yes,16,59,6,0,No
EMP0652,29,Male,Operations,Mid-Level,Master's,4,6,59516.0,4,2,2,Yes,54,42,4,0,No
EMP0653,26,Female,Operations,Junior,PhD,19,3,141220.0,1,5,2,No,33,41,5,0,No
EMP0654,24,Female,Finance,Junior,Master's,13,3,62890.0,3,3,1,No,52,49,4,0,No
EMP0655,52,Female,Marketing,Mid-Level,Bachelor's,1,7,64974.0,4,4,4,No,1,11,1,0,No
EMP0656,29,Female,HR,Mid-Level,Bachelor's,15,8,61739.0,3,5,1,No,44,26,7,0,No
EMP0657,35,Male,Engineering,Manager,Master's,5,2,54941.0,3,1,4,Yes,36,27,2,1,Yes
EMP0658,55,Male,Sales,Mid-Level,Bachelor's,5,3,43369.0,5,2,2,Yes,55,53,3,1,Yes
EMP0659,31,Female,Operations,Mid-Level,Bachelor's,5,2,115536.0,4,3,1,Yes,77,13,4,1,Yes
EMP0660,38,Male,Marketing,Senior,Master's,13,8,78100.0,4,5,4,No,34,35,1,0,No
EMP0661,55,Female,Sales,Senior,Bachelor's,17,9,102858.0,3,4,4,No,59,49,7,0,No
EMP0662,29,Female,Sales,Senior,Master's,4,2,34523.0,5,3,1,Yes,72,2,7,1,Yes
EMP0663,42,Female,Operations,Manager,Diploma,14,7,102921.0,4,5,1,Yes,29,22,6,1,Yes
EMP0664,37,Female,Finance,Manager,Diploma,9,4,108853.0,4,4,3,No,46,19,4,0,No
EMP0665,45,Female,Finance,Mid-Level,Master's,8,9,139881.0,4,4,4,Yes,36,8,2,0,No
EMP0666,40,Male,Operations,Senior,Master's,18,3,99891.0,4,3,3,Yes,26,20,1,0,No
EMP0667,57,Female,Engineering,Senior,Bachelor's,1,8,122857.0,5,4,3,Yes,41,18,1,0,No
EMP0668,54,Female,Sales,Mid-Level,Bachelor's,16,1,89297.0,5,5,2,No,66,42,7,1,Yes
EMP0669,26,Male,Engineering,Mid-Level,Bachelor's,14,1,48706.0,3,5,3,No,48,27,3,0,No
EMP0670,23,Female,Finance,Senior,Master's,6,4,44410.0,2,3,4,Yes,49,9,3,1,Yes
EMP0671,55,Female,HR,Senior,Bachelor's,6,7,96136.0,3,4,3,Yes,77,53,5,1,Yes
EMP0672,39,Female,Finance,Junior,Master's,1,1,111414.0,5,3,3,No,46,35,2,0,No
EMP0673,39,Male,Engineering,Manager,PhD,8,4,92389.0,4,4,4,No,48,19,4,0,No
EMP0674,57,Male,Marketing,Senior,Bachelor's,10,6,39899.0,4,3,3,No,33,58,1,0,No
EMP0675,24,Female,Engineering,Senior,Bachelor's,5,8,133754.0,3,4,2,No,55,20,1,0,No
EMP0676,42,Male,Sales,Mid-Level,Master's,8,1,92577.0,4,5,2,No,55,52,7,0,No
EMP0677,43,Female,Operations,Mid-Level,Bachelor's,5,6,39066.0,3,3,4,Yes,12,58,1,1,Yes
EMP0678,35,Female,Engineering,Mid-Level,Bachelor's,9,1,103924.0,4,4,3,Yes,78,54,0,0,No
EMP0679,29,Female,Finance,Manager,Bachelor's,5,9,92819.0,4,3,3,Yes,62,3,0,0,No
EMP0680,35,Female,Sales,Mid-Level,Bachelor's,6,6,146928.0,3,2,3,No,10,38,2,0,No
EMP0681,30,Male,HR,Mid-Level,Bachelor's,2,3,117189.0,3,3,1,Yes,69,46,6,1,Yes
EMP0682,24,Female,Finance,Junior,Bachelor's,10,4,138553.0,3,2,3,Yes,19,8,2,0,No
EMP0683,47,Male,Finance,Senior,Bachelor's,5,3,73874.0,4,5,4,Yes,19,17,5,0,No
EMP0684,44,Female,Finance,Manager,Bachelor's,3,8,85336.0,4,3,3,No,41,44,4,0,No
EMP0685,46,Female,HR,Mid-Level,Bachelor's,5,4,86610.0,4,5,1,No,24,32,4,0,No
EMP0686,33,Female,Sales,Junior,Bachelor's,16,4,49536.0,2,5,3,No,56,8,6,0,No
EMP0687,38,Male,Marketing,Mid-Level,Master's,8,3,133736.0,2,5,4,No,50,37,1,0,No
EMP0688,53,Female,Sales,Senior,PhD,6,4,45843.0,2,3,2,Yes,54,40,0,0,No
EMP0689,27,Male,Operations,Manager,PhD,19,3,34770.0,4,3,2,No,70,53,1,0,No
EMP0690,40,Female,Engineering,Junior,Master's,3,6,30365.0,1,3,3,No,62,35,2,0,No
EMP0691,34,Female,Sales,Manager,Bachelor's,1,4,115974.0,3,1,3,No,70,43,7,0,No
EMP0692,56,Male,Finance,Junior,PhD,12,9,90577.0,3,3,2,Yes,34,12,6,0,No
EMP0693,43,Female,Engineering,Mid-Level,Bachelor's,13,6,87173.0,4,3,3,Yes,46,51,5,1,Yes
EMP0694,35,Male,Finance,Director,Master's,10,4,35090.0,5,1,3,Yes,32,32,6,1,Yes
EMP0695,36,Female,Engineering,Junior,Bachelor's,7,8,41935.0,5,5,3,No,11,37,1,0,No
EMP0696,26,Female,Operations,Mid-Level,Bachelor's,14,5,128972.0,4,5,3,No,3,56,0,0,No
EMP0697,39,Female,Sales,Junior,Bachelor's,8,5,43473.0,2,4,3,No,66,4,2,0,No
EMP0698,46,Male,Engineering,Mid-Level,Bachelor's,18,4,95950.0,3,5,3,Yes,32,28,7,0,No
EMP0699,33,Female,Engineering,Junior,Bachelor's,11,8,129746.0,3,3,3,No,72,50,4,0,No
EMP0700,23,Female,Engineering,Mid-Level,Diploma,7,3,149457.0,4,3,3,No,24,10,3,0,No
EMP0701,31,Male,Sales,Mid-Level,Master's,14,2,132294.0,4,5,4,No,79,26,1,0,No
EMP0702,27,Male,Sales,Manager,Bachelor's,18,2,51585.0,1,3,4,Yes,34,25,7,1,Yes
EMP0703,55,Female,Marketing,Senior,Bachelor's,3,5,121686.0,2,4,2,No,76,35,3,0,No
EMP0704,34,Female,Finance,Manager,Bachelor's,8,2,80841.0,3,5,4,No,26,14,7,0,No
EMP0705,57,Male,Operations,Senior,Diploma,12,3,138303.0,3,3,2,No,59,7,0,0,No
EMP0706,42,Male,HR,Mid-Level,Bachelor's,4,5,110711.0,3,4,3,Yes,75,11,2,0,No
EMP0707,34,Female,Operations,Senior,Master's,5,5,55235.0,2,5,4,No,54,17,6,0,No
EMP0708,35,Male,Marketing,Senior,PhD,6,3,132716.0,3,1,4,No,25,30,1,1,Yes
EMP0709,47,Male,Operations,Junior,Bachelor's,4,7,35353.0,4,4,4,Yes,17,17,4,1,Yes
EMP0710,43,Male,Finance,Junior,Master's,1,1,123131.0,4,4,4,Yes,47,36,2,0,No
EMP0711,56,Male,Finance,Mid-Level,Bachelor's,16,4,59811.0,3,4,4,No,24,44,3,0,No
EMP0712,39,Male,Finance,Junior,Bachelor's,3,7,149680.0,4,4,2,No,65,47,7,0,No
EMP0713,32,Male,Sales,Junior,Bachelor's,17,2,76960.0,4,3,1,Yes,7,9,5,0,No
EMP0714,32,Male,Finance,Junior,Bachelor's,2,4,36602.0,2,4,3,No,23,28,3,0,No
EMP0715,39,Female,HR,Mid-Level,Master's,8,1,52436.0,4,5,4,No,68,43,7,0,No
EMP0716,25,Female,Marketing,Junior,Master's,4,7,126140.0,4,4,3,Yes,34,57,6,0,No
EMP0717,44,Male,Finance,Mid-Level,Diploma,17,4,96041.0,3,3,2,No,7,5,4,0,No
EMP0718,27,Male,Engineering,Mid-Level,Bachelor's,6,3,74050.0,2,3,4,Yes,17,47,3,0,No
EMP0719,44,Female,Finance,Manager,Bachelor's,11,8,70899.0,3,4,2,No,61,29,2,0,No
EMP0720,57,Female,Marketing,Mid-Level,Bachelor's,13,3,60534.0,4,4,3,No,14,31,5,0,No
EMP0721,22,Female,Marketing,Senior,Master's,19,4,146901.0,3,3,1,Yes,78,46,7,0,No
EMP0722,47,Female,Sales,Junior,PhD,2,5,49400.0,3,5,3,No,8,49,0,1,Yes
EMP0723,39,Female,Finance,Manager,PhD,17,6,65774.0,3,1,3,Yes,8,50,2,1,Yes
EMP0724,32,Male,Finance,Senior,Master's,14,4,92527.0,4,3,3,No,46,19,2,0,No
EMP0725,33,Female,Finance,Manager,Master's,13,9,40663.0,3,4,3,No,48,57,1,0,No
EMP0726,40,Female,Operations,Senior,Bachelor's,16,1,52215.0,3,3,3,Yes,35,13,7,0,No
EMP0727,30,Male,Engineering,Senior,Bachelor's,14,4,142048.0,3,4,4,No,1,28,6,0,No
EMP0728,51,Female,HR,Mid-Level,Master's,18,5,38094.0,4,3,4,Yes,48,16,1,1,Yes
EMP0729,55,Male,Finance,Mid-Level,Diploma,7,8,127071.0,3,4,4,No,13,40,0,0,No
EMP0730,33,Male,Marketing,Junior,Master's,16,4,28564.0,4,3,4,No,41,1,2,0,No
EMP0731,42,Female,Engineering,Junior,Bachelor's,1,5,49653.0,3,3,4,No,22,28,1,0,No
EMP0732,50,Male,Engineering,Junior,Bachelor's,13,8,120928.0,3,4,2,No,57,17,1,0,No
EMP0733,56,Male,Finance,Junior,Bachelor's,1,4,50518.0,3,1,3,No,43,19,5,1,Yes
EMP0734,43,Female,Engineering,Junior,Bachelor's,4,8,114064.0,4,4,3,No,51,5,3,0,No
EMP0735,45,Female,Finance,Mid-Level,Diploma,3,9,63366.0,4,1,4,No,8,46,2,0,No
EMP0736,28,Female,Operations,Junior,Bachelor's,5,3,57987.0,4,3,2,Yes,60,6,0,1,Yes
EMP0737,51,Male,Marketing,Mid-Level,Bachelor's,14,8,101883.0,4,5,4,No,58,32,2,0,No
EMP0738,30,Female,Engineering,Mid-Level,Master's,2,6,84057.0,5,5,4,No,49,27,3,0,No
EMP0739,38,Female,Engineering,Mid-Level,Master's,1,5,49072.0,3,4,4,Yes,43,35,5,0,No
EMP0740,33,Female,Engineering,Junior,Diploma,17,3,120337.0,2,4,4,No,54,54,2,0,No
EMP0741,40,Male,HR,Junior,Bachelor's,9,4,77445.0,4,3,4,Yes,12,53,4,0,No
EMP0742,29,Female,Operations,Junior,Master's,12,9,39855.0,3,4,4,Yes,22,53,6,0,No
EMP0743,41,Male,Engineering,Mid-Level,PhD,19,6,93437.0,4,3,1,No,76,33,7,0,No
EMP0744,56,Male,Finance,Manager,PhD,7,9,36827.0,4,3,2,Yes,47,28,5,0,No
EMP0745,25,Male,Engineering,Senior,Master's,6,2,112975.0,3,2,3,No,26,35,7,1,Yes
EMP0746,51,Male,Marketing,Mid-Level,Bachelor's,14,4,28280.0,4,5,3,Yes,31,44,1,0,No
EMP0747,43,Male,Finance,Mid-Level,PhD,15,4,55862.0,4,4,4,No,55,34,5,0,No
EMP0748,49,Male,Sales,Manager,Bachelor's,3,8,108232.0,3,4,2,No,24,4,4,0,No
EMP0749,57,Female,Sales,Director,Diploma,3,3,46493.0,2,3,3,Yes,56,50,2,0,No
EMP0750,53,Male,HR,Junior,PhD,5,2,47899.0,3,4,4,Yes,46,41,7,1,Yes
EMP0751,44,Male,Engineering,Mid-Level,Bachelor's,3,7,143167.0,2,4,1,Yes,58,13,4,1,Yes
EMP0752,43,Male,Sales,Manager,Master's,11,2,84079.0,3,4,3,No,60,25,3,0,No
EMP0753,43,Male,HR,Manager,Bachelor's,6,5,93806.0,3,3,2,No,43,6,7,0,No
EMP0754,37,Female,Finance,Junior,Master's,15,1,55320.0,3,4,2,No,55,23,6,0,No
EMP0755,29,Female,Operations,Mid-Level,Master's,19,5,30091.0,2,4,4,No,7,20,5,0,No
EMP0756,46,Male,Operations,Mid-Level,Master's,13,4,62908.0,3,2,4,Yes,13,10,7,1,Yes
EMP0757,22,Female,Operations,Junior,Master's,18,5,148547.0,4,4,4,No,30,26,1,0,No
EMP0758,48,Male,Marketing,Junior,Master's,2,8,139084.0,4,4,2,No,24,37,4,0,No
EMP0759,42,Female,Marketing,Mid-Level,Bachelor's,10,5,51231.0,3,5,3,No,19,26,2,0,No
EMP0760,31,Male,Engineering,Mid-Level,Bachelor's,19,5,41677.0,2,2,3,No,63,40,7,1,Yes
EMP0761,23,Male,Engineering,Junior,PhD,19,2,44232.0,3,3,4,No,35,34,0,0,No
EMP0762,34,Male,Sales,Mid-Level,Bachelor's,12,5,121943.0,4,4,3,Yes,23,8,5,0,No
EMP0763,46,Male,Engineering,Mid-Level,Master's,9,1,76836.0,3,4,3,No,36,16,4,0,No
EMP0764,30,Male,Finance,Junior,Bachelor's,16,4,56036.0,3,4,3,No,50,17,3,0,No
EMP0765,50,Male,Marketing,Senior,PhD,8,9,67857.0,4,3,3,Yes,25,22,6,0,No
EMP0766,36,Female,Marketing,Junior,Master's,7,4,96607.0,4,3,1,Yes,13,23,4,0,No
EMP0767,56,Male,Operations,Manager,Bachelor's,19,2,132509.0,4,5,1,No,59,39,5,1,Yes
EMP0768,44,Female,Operations,Mid-Level,Master's,10,8,103152.0,2,1,2,No,79,2,7,0,No
EMP0769,22,Female,Engineering,Junior,Bachelor's,8,9,29164.0,4,4,4,No,67,16,2,0,No
EMP0770,46,Male,HR,Senior,PhD,16,3,32783.0,1,4,3,No,16,59,4,0,No
EMP0771,24,Female,Finance,Manager,Bachelor's,2,2,143522.0,2,5,4,No,37,3,1,0,No
EMP0772,52,Male,Engineering,Senior,Bachelor's,10,7,112411.0,2,4,3,No,37,5,3,0,No
EMP0773,38,Female,Finance,Junior,Master's,2,9,112707.0,4,3,3,No,40,5,4,0,No
EMP0774,37,Female,Marketing,Mid-Level,Bachelor's,10,8,132779.0,3,3,2,No,59,49,5,0,No
EMP0775,35,Female,Finance,Senior,Bachelor's,17,2,88403.0,4,4,1,No,28,31,3,0,No
EMP0776,49,Female,Finance,Mid-Level,PhD,12,2,47276.0,1,2,4,Yes,51,24,0,0,No
EMP0777,39,Male,Marketing,Director,Bachelor's,19,8,95519.0,3,3,3,No,37,29,5,0,No
EMP0778,24,Male,Sales,Manager,Master's,3,5,60526.0,3,3,2,No,2,39,5,0,No
EMP0779,51,Female,Engineering,Senior,Diploma,10,2,38113.0,3,3,3,Yes,78,12,0,1,Yes
EMP0780,29,Female,Sales,Mid-Level,Master's,15,5,83446.0,3,3,4,No,76,49,2,0,No
EMP0781,55,Female,Operations,Manager,Master's,8,3,128558.0,4,3,3,Yes,0,52,4,0,No
EMP0782,45,Male,Sales,Manager,Master's,1,7,130614.0,4,5,4,No,15,59,4,0,No
EMP0783,37,Male,HR,Director,Master's,1,3,86366.0,4,3,4,Yes,54,32,0,1,Yes
EMP0784,29,Male,Operations,Mid-Level,Bachelor's,6,9,86029.0,3,4,1,No,34,9,2,0,No
EMP0785,52,Male,Finance,Senior,Bachelor's,17,9,31930.0,4,4,3,No,55,33,2,0,No
EMP0786,44,Male,Sales,Director,Bachelor's,14,2,149930.0,4,5,2,No,25,30,4,0,No
EMP0787,57,Female,Engineering,Mid-Level,Bachelor's,7,9,77376.0,4,4,3,No,69,3,3,0,No
EMP0788,48,Female,Operations,Junior,Bachelor's,2,3,123124.0,4,2,4,Yes,53,34,0,1,Yes
EMP0789,56,Male,Engineering,Manager,Bachelor's,15,3,41233.0,5,4,4,No,44,10,1,0,No
EMP0790,45,Female,Engineering,Junior,Bachelor's,17,2,87392.0,4,5,3,No,28,51,4,0,No
EMP0791,57,Male,Marketing,Mid-Level,PhD,14,7,92214.0,3,1,4,No,64,24,6,0,No
EMP0792,56,Female,Engineering,Junior,Bachelor's,15,9,45462.0,4,4,2,Yes,14,16,5,1,Yes
EMP0793,32,Male,Finance,Junior,Master's,3,9,121251.0,4,3,3,No,23,7,1,0,No
EMP0794,30,Female,Marketing,Senior,Master's,10,8,27066.0,4,1,2,No,43,48,5,1,Yes
EMP0795,44,Female,HR,Mid-Level,Bachelor's,1,2,59505.0,3,3,2,No,69,11,1,0,No
EMP0796,41,Male,Operations,Mid-Level,Bachelor's,17,6,133854.0,3,2,1,No,77,4,4,1,Yes
EMP0797,56,Female,HR,Junior,Master's,2,4,134871.0,3,4,1,Yes,11,22,3,1,Yes
EMP0798,24,Male,Operations,Senior,Master's,19,1,76950.0,3,1,2,No,23,21,6,0,No
EMP0799,33,Male,Sales,Junior,Bachelor's,11,7,35736.0,4,2,4,No,4,17,4,0,No
EMP0800,42,Male,Engineering,Junior,Master's,10,3,139405.0,1,2,4,No,44,19,7,0,No
